-- MySQL dump 10.13  Distrib 8.0.19, for Win64 (x86_64)
--
-- Host: localhost    Database: medical_hospital_system
-- ------------------------------------------------------
-- Server version	5.5.5-10.4.32-MariaDB

/*!40101 SET @OLD_CHARACTER_SET_CLIENT=@@CHARACTER_SET_CLIENT */;
/*!40101 SET @OLD_CHARACTER_SET_RESULTS=@@CHARACTER_SET_RESULTS */;
/*!40101 SET @OLD_COLLATION_CONNECTION=@@COLLATION_CONNECTION */;
/*!50503 SET NAMES utf8mb4 */;
/*!40103 SET @OLD_TIME_ZONE=@@TIME_ZONE */;
/*!40103 SET TIME_ZONE='+00:00' */;
/*!40014 SET @OLD_UNIQUE_CHECKS=@@UNIQUE_CHECKS, UNIQUE_CHECKS=0 */;
/*!40014 SET @OLD_FOREIGN_KEY_CHECKS=@@FOREIGN_KEY_CHECKS, FOREIGN_KEY_CHECKS=0 */;
/*!40101 SET @OLD_SQL_MODE=@@SQL_MODE, SQL_MODE='NO_AUTO_VALUE_ON_ZERO' */;
/*!40111 SET @OLD_SQL_NOTES=@@SQL_NOTES, SQL_NOTES=0 */;

--
-- Table structure for table `admissions`
--

DROP TABLE IF EXISTS `admissions`;
/*!40101 SET @saved_cs_client     = @@character_set_client */;
/*!50503 SET character_set_client = utf8mb4 */;
CREATE TABLE `admissions` (
  `admission_id` varchar(20) NOT NULL,
  `patient_id` varchar(10) NOT NULL,
  `admission_date` date NOT NULL,
  `discharge_date` date DEFAULT NULL,
  `treatment_data` text DEFAULT NULL,
  PRIMARY KEY (`admission_id`),
  KEY `patient_id` (`patient_id`),
  CONSTRAINT `admissions_ibfk_1` FOREIGN KEY (`patient_id`) REFERENCES `patients` (`patient_id`)
) ENGINE=InnoDB DEFAULT CHARSET=utf8mb4 COLLATE=utf8mb4_general_ci;
/*!40101 SET character_set_client = @saved_cs_client */;

--
-- Dumping data for table `admissions`
--

LOCK TABLES `admissions` WRITE;
/*!40000 ALTER TABLE `admissions` DISABLE KEYS */;
INSERT INTO `admissions` VALUES ('AD1','P384','2024-04-08','2025-09-22','Emergency treatment for fractures, under observation'),('AD10','P87','2025-11-19','2025-11-05','Treatment for chronic migraines, medication adjustment'),('AD100','P307','2024-10-11',NULL,'Emergency treatment for fractures, under observation'),('AD101','P153','2025-07-21',NULL,'Chemotherapy treatment for lung cancer'),('AD102','P437','2023-01-04','2025-07-10','Management of hypothyroidism, medication adjustment'),('AD103','P173','2025-12-27','2025-06-13','Surgery for appendicitis, post-operative care'),('AD104','P26','2025-03-08','2025-03-16','Management of obesity, lifestyle change counseling'),('AD105','P371','2023-03-02',NULL,'Surgical repair of hernia, recovery care'),('AD106','P179','2023-07-22','2025-01-07','Rehabilitation for joint replacement surgery'),('AD107','P231','2023-03-08','2025-10-04','Pre-natal care, monitoring fetal development'),('AD108','P149','2023-08-23','2025-10-06','Emergency treatment for fractures, under observation'),('AD109','P141','2025-10-28',NULL,'Treatment for pneumonia, administered antibiotics'),('AD11','P467','2023-09-04',NULL,'Emergency treatment for fractures, under observation'),('AD110','P78','2024-11-26',NULL,'Treatment for gastric ulcers, prescribed medication'),('AD111','P342','2025-12-06','2025-01-26','Surgery for appendicitis, post-operative care'),('AD112','P174','2023-04-13',NULL,'Management of diabetes, insulin adjustment'),('AD113','P207','2025-06-19','2025-06-08','Emergency treatment for fractures, under observation'),('AD114','P135','2024-03-16',NULL,'Treatment for alcohol addiction, rehabilitation'),('AD115','P34','2025-01-07','2025-07-10','Treatment for asthma, prescribed inhaler'),('AD116','P49','2025-03-17','2025-08-17','Management of hypertension, prescribed medication'),('AD117','P66','2023-06-27',NULL,'Treatment for severe allergic reactions, antihistamines'),('AD118','P66','2023-09-30','2025-10-08','Management of diabetes, insulin adjustment'),('AD119','P1','2024-12-13',NULL,'Treatment for pneumonia, administered antibiotics'),('AD12','P206','2025-06-03','2025-06-18','Post-operative care for gallbladder removal'),('AD120','P199','2025-11-23',NULL,'Post-operative care for eye surgery'),('AD121','P438','2025-09-02','2025-08-11','Rehabilitation after major trauma, therapy'),('AD122','P81','2025-02-19','2025-03-26','Rehabilitation for joint replacement surgery'),('AD123','P185','2024-01-31',NULL,'Management of diabetes, insulin adjustment'),('AD124','P28','2025-05-05','2025-03-12','Treatment for urinary tract infection, antibiotics'),('AD125','P290','2025-07-17',NULL,'Surgical repair of hernia, recovery care'),('AD126','P126','2025-03-28','2025-08-28','Rehabilitation after stroke, physical therapy'),('AD127','P198','2025-11-25','2025-01-13','Recovery from spinal surgery, physical therapy'),('AD128','P137','2024-01-29',NULL,'Physiotherapy for shoulder dislocation'),('AD129','P164','2024-08-04',NULL,'Management of hypertension, prescribed medication'),('AD13','P79','2023-07-03','2025-01-19','Treatment for alcohol addiction, rehabilitation'),('AD130','P34','2024-08-29','2025-04-27','Treatment for high cholesterol, dietary changes'),('AD131','P476','2025-03-05','2025-01-17','Pre-natal care, monitoring fetal development'),('AD132','P404','2025-10-23',NULL,'Cancer immunotherapy treatment, under observation'),('AD133','P71','2023-03-10','2025-10-09','Treatment for high cholesterol, dietary changes'),('AD134','P270','2023-01-14','2025-04-14','Management of chronic pain, pain relief prescription'),('AD135','P194','2023-08-21',NULL,'Rehabilitation for joint replacement surgery'),('AD136','P148','2025-07-07','2025-08-22','Treatment for asthma, prescribed inhaler'),('AD137','P133','2024-01-02',NULL,'Management of diabetes, insulin adjustment'),('AD138','P266','2024-05-29',NULL,'Post-surgical recovery after breast cancer surgery'),('AD139','P127','2023-03-10','2025-06-27','Management of diabetes, insulin adjustment'),('AD14','P285','2024-11-15',NULL,'Treatment for chronic migraines, medication adjustment'),('AD140','P200','2025-12-30','2025-09-27','Heart surgery, post-operative monitoring'),('AD141','P301','2024-07-14',NULL,'Treatment for skin cancer, skin graft surgery'),('AD142','P289','2024-10-22',NULL,'Treatment for pneumonia, administered antibiotics'),('AD143','P365','2025-11-04',NULL,'Rehabilitation after major trauma, therapy'),('AD144','P149','2025-05-27',NULL,'Treatment for pneumonia, administered antibiotics'),('AD145','P235','2023-04-04','2025-07-18','Treatment for gastric ulcers, prescribed medication'),('AD146','P189','2023-07-31',NULL,'Pre-natal care, monitoring fetal development'),('AD147','P64','2023-03-18','2025-01-24','Treatment for high cholesterol, dietary changes'),('AD148','P56','2023-11-05',NULL,'Management of hypertension, prescribed medication'),('AD149','P305','2024-03-01','2025-02-28','Treatment for urinary tract infection, antibiotics'),('AD15','P198','2023-02-15',NULL,'Post-operative recovery after hip replacement'),('AD150','P300','2024-02-28','2025-06-13','Treatment for pneumonia, administered antibiotics'),('AD151','P263','2025-03-24','2025-09-06','Management of osteoarthritis, pain management'),('AD152','P461','2023-08-23','2025-01-12','Heart surgery, post-operative monitoring'),('AD153','P456','2025-03-19',NULL,'Rehabilitation after major trauma, therapy'),('AD154','P183','2025-12-18','2025-10-04','Treatment for pneumonia, administered antibiotics'),('AD155','P29','2024-06-09','2025-08-28','Chemotherapy treatment for lung cancer'),('AD156','P273','2023-03-24','2025-11-28','Treatment for skin cancer, skin graft surgery'),('AD157','P491','2023-02-25',NULL,'Physiotherapy for shoulder dislocation'),('AD158','P93','2023-08-20',NULL,'Management of diabetes, insulin adjustment'),('AD159','P450','2025-07-01','2025-01-08','Treatment for chronic kidney disease, on dialysis'),('AD16','P338','2023-09-19','2025-06-11','Treatment for severe allergic reactions, antihistamines'),('AD160','P280','2024-08-23',NULL,'Treatment for alcohol addiction, rehabilitation'),('AD161','P86','2024-03-04','2025-10-03','Emergency treatment for fractures, under observation'),('AD162','P305','2023-09-30',NULL,'Post-operative care for gallbladder removal'),('AD163','P284','2023-12-09',NULL,'Post-operative recovery after hip replacement'),('AD164','P286','2025-11-30',NULL,'Management of hypothyroidism, medication adjustment'),('AD165','P16','2024-08-18',NULL,'Treatment for gastric ulcers, prescribed medication'),('AD166','P302','2025-11-10',NULL,'Surgical repair of hernia, recovery care'),('AD167','P286','2024-12-02','2025-02-10','Post-operative care after back surgery'),('AD168','P27','2024-05-18',NULL,'Post-operative recovery after heart surgery'),('AD169','P333','2024-02-06',NULL,'Post-operative care for gallbladder removal'),('AD17','P201','2024-05-09',NULL,'Management of chronic pain, pain relief prescription'),('AD170','P497','2025-10-19','2025-04-06','Chemotherapy treatment for lung cancer'),('AD171','P192','2025-04-09',NULL,'Treatment for asthma, prescribed inhaler'),('AD172','P350','2025-11-26','2025-12-10','Management of osteoarthritis, pain management'),('AD173','P169','2023-02-16',NULL,'Post-operative care for eye surgery'),('AD174','P86','2023-08-24','2025-06-14','Treatment for asthma, prescribed inhaler'),('AD175','P186','2025-03-18','2025-06-23','Rehabilitation after major trauma, therapy'),('AD176','P60','2023-08-10','2025-08-22','Management of hypertension, prescribed medication'),('AD177','P160','2025-05-23','2025-01-13','Pre-natal care, monitoring fetal development'),('AD178','P381','2024-03-29','2025-06-23','Management of osteoarthritis, pain management'),('AD179','P379','2025-06-01',NULL,'Mental health therapy, depression management'),('AD18','P463','2023-07-01','2025-08-21','Post-operative recovery after heart surgery'),('AD180','P427','2024-07-22',NULL,'Management of hypertension, prescribed medication'),('AD181','P269','2023-03-15',NULL,'Treatment for urinary tract infection, antibiotics'),('AD182','P214','2024-11-22','2025-01-19','Rehabilitation after major trauma, therapy'),('AD183','P339','2023-07-10','2025-06-01','Cancer immunotherapy treatment, under observation'),('AD184','P97','2025-08-23',NULL,'Post-operative recovery after hip replacement'),('AD185','P1','2023-01-05',NULL,'Post-operative recovery after hip replacement'),('AD186','P478','2024-03-05','2025-02-10','Recovery from spinal surgery, physical therapy'),('AD187','P272','2024-10-01','2025-03-31','Treatment for gastric ulcers, prescribed medication'),('AD188','P309','2024-03-04',NULL,'Management of osteoarthritis, pain management'),('AD189','P476','2025-10-22','2025-10-27','Post-surgical recovery after breast cancer surgery'),('AD19','P213','2023-01-25',NULL,'Rehabilitation after stroke, physical therapy'),('AD190','P431','2025-11-18',NULL,'Rehabilitation after stroke, physical therapy'),('AD191','P368','2024-02-04',NULL,'Surgery for appendicitis, post-operative care'),('AD192','P37','2023-11-05',NULL,'Physiotherapy for shoulder dislocation'),('AD193','P138','2023-09-12',NULL,'Treatment for alcohol addiction, rehabilitation'),('AD194','P278','2023-07-10',NULL,'Post-operative care after back surgery'),('AD195','P123','2024-01-10',NULL,'Post-operative care for gallbladder removal'),('AD196','P320','2025-12-21',NULL,'Treatment for alcohol addiction, rehabilitation'),('AD197','P162','2024-09-26','2025-12-10','Treatment for skin cancer, skin graft surgery'),('AD198','P435','2024-11-07',NULL,'Treatment for pneumonia, administered antibiotics'),('AD199','P439','2025-01-10',NULL,'Management of hypertension, prescribed medication'),('AD2','P443','2024-06-11','2025-07-07','Treatment for chronic migraines, medication adjustment'),('AD20','P346','2024-05-20',NULL,'Surgery for appendicitis, post-operative care'),('AD200','P390','2024-08-16','2025-03-29','Recovery from spinal surgery, physical therapy'),('AD201','P29','2025-09-15','2025-11-27','Treatment for alcohol addiction, rehabilitation'),('AD202','P371','2023-01-21','2025-05-19','Treatment for alcohol addiction, rehabilitation'),('AD203','P490','2023-06-18',NULL,'Management of asthma, prescribed corticosteroids'),('AD204','P170','2024-07-12',NULL,'Heart surgery, post-operative monitoring'),('AD205','P134','2025-05-10','2025-05-05','Surgical repair of hernia, recovery care'),('AD206','P388','2023-09-09',NULL,'Treatment for pneumonia, administered antibiotics'),('AD207','P416','2024-08-02',NULL,'Rehabilitation for joint replacement surgery'),('AD208','P298','2024-08-16','2025-04-09','Management of diabetes, insulin adjustment'),('AD209','P295','2023-08-07','2025-01-05','Emergency treatment for fractures, under observation'),('AD21','P10','2025-05-29',NULL,'Treatment for pneumonia, administered antibiotics'),('AD210','P363','2024-06-05','2025-06-04','Rehabilitation after stroke, physical therapy'),('AD211','P70','2025-11-02',NULL,'Rehabilitation after major trauma, therapy'),('AD212','P157','2024-03-30',NULL,'Surgical removal of kidney stone, recovery care'),('AD213','P280','2023-12-11',NULL,'Pre-natal care, monitoring fetal development'),('AD214','P364','2025-09-13',NULL,'Heart surgery, post-operative monitoring'),('AD215','P136','2023-08-27','2025-10-09','Treatment for severe allergic reactions, antihistamines'),('AD216','P383','2025-08-15',NULL,'Post-operative care for eye surgery'),('AD217','P383','2025-09-03',NULL,'Treatment for pneumonia, administered antibiotics'),('AD218','P199','2025-03-12',NULL,'Cancer immunotherapy treatment, under observation'),('AD219','P25','2023-01-09','2025-11-13','Treatment for gastric ulcers, prescribed medication'),('AD22','P124','2024-06-27','2025-12-26','Chemotherapy treatment for lung cancer'),('AD220','P497','2025-07-23',NULL,'Physiotherapy for shoulder dislocation'),('AD221','P101','2024-07-29','2025-03-15','Surgical repair of torn ligament, recovery care'),('AD222','P210','2025-08-20','2025-01-12','Management of osteoarthritis, pain management'),('AD223','P298','2023-10-28','2025-08-05','Rehabilitation after major trauma, therapy'),('AD224','P275','2025-09-21',NULL,'Post-operative care for eye surgery'),('AD225','P154','2023-06-16','2025-11-15','Post-operative recovery after hip replacement'),('AD226','P15','2025-08-24',NULL,'Management of chronic pain, pain relief prescription'),('AD227','P272','2024-02-26','2025-09-04','Heart surgery, post-operative monitoring'),('AD228','P350','2025-11-07',NULL,'Rehabilitation after major trauma, therapy'),('AD229','P469','2023-04-14','2025-10-01','Treatment for gastric ulcers, prescribed medication'),('AD23','P214','2024-12-24',NULL,'Rehabilitation after stroke, physical therapy'),('AD230','P379','2023-08-18',NULL,'Cancer treatment, chemotherapy administered'),('AD231','P486','2024-12-05','2025-01-17','Pre-natal care, monitoring fetal development'),('AD232','P275','2023-02-27',NULL,'Treatment for asthma, prescribed inhaler'),('AD233','P456','2025-12-30','2025-03-31','Treatment for severe allergic reactions, antihistamines'),('AD234','P84','2023-11-01',NULL,'Treatment for high cholesterol, dietary changes'),('AD235','P91','2024-04-01',NULL,'Cancer immunotherapy treatment, under observation'),('AD236','P434','2023-11-11','2025-07-30','Treatment for chronic migraines, medication adjustment'),('AD237','P292','2023-04-02','2025-05-09','Surgical repair of hernia, recovery care'),('AD238','P436','2024-12-04','2025-06-11','Heart surgery, post-operative monitoring'),('AD239','P226','2025-11-10','2025-11-15','Management of osteoarthritis, pain management'),('AD24','P478','2023-06-08','2025-08-13','Pre-natal care, monitoring fetal development'),('AD240','P387','2024-04-08',NULL,'Emergency treatment for fractures, under observation'),('AD241','P77','2023-10-02','2025-04-20','Post-surgical recovery after breast cancer surgery'),('AD242','P206','2025-09-19',NULL,'Post-surgical recovery after breast cancer surgery'),('AD243','P454','2025-09-08',NULL,'Rehabilitation after stroke, physical therapy'),('AD244','P5','2023-02-23',NULL,'Surgical repair of torn ligament, recovery care'),('AD245','P200','2024-02-06','2025-09-13','Heart surgery, post-operative monitoring'),('AD246','P76','2023-01-26',NULL,'Post-operative care for gallbladder removal'),('AD247','P398','2023-03-12',NULL,'Post-surgical care after knee replacement'),('AD248','P65','2024-09-13','2025-05-12','Cancer immunotherapy treatment, under observation'),('AD249','P325','2025-12-03','2025-04-30','Recovery from spinal surgery, physical therapy'),('AD25','P498','2024-03-28',NULL,'Post-operative care for gallbladder removal'),('AD250','P292','2023-10-28',NULL,'Treatment for severe allergic reactions, antihistamines'),('AD251','P34','2024-04-28',NULL,'Heart surgery, post-operative monitoring'),('AD252','P489','2024-02-15','2025-02-12','Management of diabetes, insulin adjustment'),('AD253','P174','2025-07-27','2025-11-24','Management of obesity, lifestyle change counseling'),('AD254','P8','2025-04-09','2025-10-19','Recovery from spinal surgery, physical therapy'),('AD255','P495','2025-10-18','2025-10-10','Surgery for appendicitis, post-operative care'),('AD256','P140','2024-03-12','2025-04-16','Post-operative care for eye surgery'),('AD257','P133','2025-10-12',NULL,'Post-operative care after back surgery'),('AD258','P249','2023-05-13',NULL,'Surgical repair of hernia, recovery care'),('AD259','P163','2023-04-03',NULL,'Management of obesity, lifestyle change counseling'),('AD26','P61','2024-01-21',NULL,'Physiotherapy for shoulder dislocation'),('AD260','P146','2025-01-28','2025-11-20','Management of osteoarthritis, pain management'),('AD261','P135','2024-07-18',NULL,'Post-operative care after back surgery'),('AD262','P297','2024-12-18','2025-04-22','Management of diabetes, insulin adjustment'),('AD263','P9','2025-07-05','2025-08-26','Post-operative care for gallbladder removal'),('AD264','P254','2023-04-19',NULL,'Surgery for appendicitis, post-operative care'),('AD265','P14','2023-04-12',NULL,'Emergency treatment for fractures, under observation'),('AD266','P49','2024-07-13',NULL,'Surgery for appendicitis, post-operative care'),('AD267','P143','2023-09-19','2025-10-28','Post-operative care for eye surgery'),('AD268','P41','2023-06-25','2025-08-22','Post-operative recovery after heart surgery'),('AD269','P483','2023-03-23','2025-12-31','Management of obesity, lifestyle change counseling'),('AD27','P16','2025-10-08',NULL,'Treatment for chronic kidney disease, on dialysis'),('AD270','P321','2024-07-29','2025-10-02','Post-operative care after back surgery'),('AD271','P199','2023-10-07','2025-10-03','Management of osteoarthritis, pain management'),('AD272','P68','2024-01-03','2025-10-11','Rehabilitation for joint replacement surgery'),('AD273','P362','2025-03-12','2025-04-26','Cancer immunotherapy treatment, under observation'),('AD274','P171','2024-01-22',NULL,'Management of hypertension, prescribed medication'),('AD275','P414','2024-04-22',NULL,'Emergency treatment for fractures, under observation'),('AD276','P468','2024-08-23','2025-02-10','Post-operative care after back surgery'),('AD277','P29','2024-04-26',NULL,'Treatment for pneumonia, administered antibiotics'),('AD278','P204','2023-11-16','2025-10-24','Treatment for skin cancer, skin graft surgery'),('AD279','P284','2024-09-10',NULL,'Post-operative recovery after hip replacement'),('AD28','P232','2024-11-27','2025-07-29','Post-operative recovery after heart surgery'),('AD280','P423','2024-08-15',NULL,'Treatment for asthma, prescribed inhaler'),('AD281','P385','2023-12-12','2025-07-31','Mental health therapy, depression management'),('AD282','P288','2024-09-11','2025-02-15','Surgery for appendicitis, post-operative care'),('AD283','P327','2023-08-28',NULL,'Management of hypothyroidism, medication adjustment'),('AD284','P5','2024-01-26',NULL,'Post-operative care for gallbladder removal'),('AD285','P70','2024-02-27',NULL,'Treatment for chronic migraines, medication adjustment'),('AD286','P489','2025-09-12','2025-03-29','Mental health therapy, depression management'),('AD287','P45','2024-12-30','2025-05-05','Post-surgical recovery after breast cancer surgery'),('AD288','P191','2024-06-05',NULL,'Management of asthma, prescribed corticosteroids'),('AD289','P211','2023-11-19',NULL,'Management of hypertension, prescribed medication'),('AD29','P143','2025-04-04',NULL,'Treatment for asthma, prescribed inhaler'),('AD290','P11','2025-11-02','2025-01-03','Physiotherapy for shoulder dislocation'),('AD291','P239','2025-07-24',NULL,'Management of asthma, prescribed corticosteroids'),('AD292','P168','2025-08-16','2025-12-15','Treatment for skin cancer, skin graft surgery'),('AD293','P327','2024-12-23',NULL,'Post-surgical recovery after breast cancer surgery'),('AD294','P110','2025-12-19',NULL,'Treatment for asthma, prescribed inhaler'),('AD295','P34','2025-06-04','2025-04-15','Management of asthma, prescribed corticosteroids'),('AD296','P206','2023-02-02',NULL,'Management of hypothyroidism, medication adjustment'),('AD297','P10','2023-12-23','2025-11-03','Post-surgical care after knee replacement'),('AD298','P116','2023-07-18','2025-11-13','Treatment for gastric ulcers, prescribed medication'),('AD299','P15','2023-08-29','2025-04-19','Management of hypothyroidism, medication adjustment'),('AD3','P280','2024-12-17','2025-01-23','Rehabilitation after stroke, physical therapy'),('AD30','P486','2024-05-10',NULL,'Management of hypertension, prescribed medication'),('AD300','P9','2025-03-14','2025-04-11','Treatment for alcohol addiction, rehabilitation'),('AD301','P168','2024-04-17','2025-03-13','Management of obesity, lifestyle change counseling'),('AD302','P363','2023-02-04','2025-02-10','Treatment for alcohol addiction, rehabilitation'),('AD303','P197','2023-10-18',NULL,'Management of diabetes, insulin adjustment'),('AD304','P104','2023-03-26','2025-03-26','Management of diabetes, insulin adjustment'),('AD305','P366','2024-09-04','2025-11-02','Treatment for severe allergic reactions, antihistamines'),('AD306','P349','2025-06-17',NULL,'Treatment for alcohol addiction, rehabilitation'),('AD307','P325','2025-01-19',NULL,'Surgical repair of torn ligament, recovery care'),('AD308','P299','2025-06-30','2025-04-04','Recovery from spinal surgery, physical therapy'),('AD309','P62','2023-10-08',NULL,'Rehabilitation after major trauma, therapy'),('AD31','P347','2023-11-15',NULL,'Surgical repair of hernia, recovery care'),('AD310','P33','2025-04-24','2025-10-12','Surgical repair of hernia, recovery care'),('AD311','P182','2024-03-29',NULL,'Recovery from spinal surgery, physical therapy'),('AD312','P22','2024-04-28',NULL,'Physiotherapy for shoulder dislocation'),('AD313','P173','2024-08-15',NULL,'Post-operative recovery after heart surgery'),('AD314','P465','2024-07-19','2025-05-29','Treatment for chronic kidney disease, on dialysis'),('AD315','P420','2023-09-22',NULL,'Management of hypertension, prescribed medication'),('AD316','P466','2025-06-02','2025-01-03','Management of hypothyroidism, medication adjustment'),('AD317','P123','2025-11-20',NULL,'Rehabilitation after stroke, physical therapy'),('AD318','P195','2024-02-04',NULL,'Management of chronic pain, pain relief prescription'),('AD319','P44','2025-06-02',NULL,'Surgical removal of kidney stone, recovery care'),('AD32','P409','2023-03-11','2025-09-04','Cancer immunotherapy treatment, under observation'),('AD320','P451','2023-12-16',NULL,'Post-operative care for eye surgery'),('AD321','P9','2023-09-03',NULL,'Management of asthma, prescribed corticosteroids'),('AD322','P477','2025-04-27',NULL,'Pre-natal care, monitoring fetal development'),('AD323','P285','2025-10-20',NULL,'Treatment for skin cancer, skin graft surgery'),('AD324','P66','2024-09-21','2025-07-07','Rehabilitation after major trauma, therapy'),('AD325','P374','2025-12-22',NULL,'Treatment for skin cancer, skin graft surgery'),('AD326','P391','2023-08-16','2025-03-19','Management of diabetes, insulin adjustment'),('AD327','P39','2024-03-27','2025-01-01','Treatment for alcohol addiction, rehabilitation'),('AD328','P207','2025-01-19','2025-02-06','Treatment for gastric ulcers, prescribed medication'),('AD329','P320','2025-04-04','2025-04-09','Surgical repair of torn ligament, recovery care'),('AD33','P440','2023-10-12',NULL,'Recovery from spinal surgery, physical therapy'),('AD330','P118','2025-10-15','2025-11-17','Treatment for chronic kidney disease, on dialysis'),('AD331','P103','2024-12-17','2025-07-26','Management of asthma, prescribed corticosteroids'),('AD332','P24','2023-06-26','2025-08-11','Post-surgical recovery after breast cancer surgery'),('AD333','P34','2023-06-11','2025-09-04','Post-operative care for eye surgery'),('AD334','P231','2024-06-11','2025-01-22','Surgical repair of torn ligament, recovery care'),('AD335','P323','2024-10-31','2025-08-20','Rehabilitation after major trauma, therapy'),('AD336','P25','2024-12-15',NULL,'Treatment for pneumonia, administered antibiotics'),('AD337','P104','2023-02-22','2025-04-24','Recovery from spinal surgery, physical therapy'),('AD338','P88','2025-11-06',NULL,'Mental health therapy, depression management'),('AD339','P150','2023-03-29','2025-11-07','Treatment for pneumonia, administered antibiotics'),('AD34','P492','2023-01-29',NULL,'Post-operative care for eye surgery'),('AD340','P230','2024-05-15',NULL,'Treatment for chronic migraines, medication adjustment'),('AD341','P237','2024-03-29','2025-01-29','Rehabilitation after major trauma, therapy'),('AD342','P434','2024-10-15',NULL,'Heart surgery, post-operative monitoring'),('AD343','P392','2025-04-02','2025-04-28','Treatment for urinary tract infection, antibiotics'),('AD344','P381','2025-03-02',NULL,'Rehabilitation after stroke, physical therapy'),('AD345','P38','2025-11-02',NULL,'Treatment for chronic kidney disease, on dialysis'),('AD346','P471','2024-06-18','2025-04-14','Management of asthma, prescribed corticosteroids'),('AD347','P444','2023-11-27','2025-09-20','Surgical repair of hernia, recovery care'),('AD348','P292','2023-11-27','2025-09-24','Treatment for chronic migraines, medication adjustment'),('AD349','P135','2023-01-14',NULL,'Management of hypertension, prescribed medication'),('AD35','P453','2023-01-04',NULL,'Chemotherapy treatment for lung cancer'),('AD350','P51','2024-04-28','2025-09-04','Mental health therapy, depression management'),('AD351','P418','2023-07-18','2025-07-22','Treatment for skin cancer, skin graft surgery'),('AD352','P148','2025-10-03',NULL,'Treatment for severe allergic reactions, antihistamines'),('AD353','P73','2025-04-27','2025-08-19','Management of asthma, prescribed corticosteroids'),('AD354','P293','2025-11-10',NULL,'Rehabilitation after major trauma, therapy'),('AD355','P235','2024-02-02',NULL,'Treatment for asthma, prescribed inhaler'),('AD356','P205','2024-01-18','2025-07-26','Management of osteoarthritis, pain management'),('AD357','P436','2025-05-11','2025-12-12','Management of obesity, lifestyle change counseling'),('AD358','P314','2024-01-16','2025-02-11','Rehabilitation after stroke, physical therapy'),('AD359','P392','2023-11-01',NULL,'Treatment for severe allergic reactions, antihistamines'),('AD36','P32','2024-05-26',NULL,'Post-operative care after back surgery'),('AD360','P236','2023-09-25','2025-10-10','Treatment for pneumonia, administered antibiotics'),('AD361','P458','2023-03-29','2025-10-01','Treatment for skin cancer, skin graft surgery'),('AD362','P437','2023-11-13','2025-02-12','Management of hypothyroidism, medication adjustment'),('AD363','P114','2025-08-20',NULL,'Physiotherapy for shoulder dislocation'),('AD364','P87','2024-09-30','2025-06-26','Management of obesity, lifestyle change counseling'),('AD365','P249','2025-03-02',NULL,'Post-operative recovery after heart surgery'),('AD366','P465','2023-12-21','2025-07-23','Post-operative recovery after hip replacement'),('AD367','P49','2025-05-18','2025-09-22','Mental health therapy, depression management'),('AD368','P415','2023-05-08',NULL,'Physiotherapy for shoulder dislocation'),('AD369','P192','2024-11-12',NULL,'Treatment for asthma, prescribed inhaler'),('AD37','P174','2023-01-10',NULL,'Rehabilitation after major trauma, therapy'),('AD370','P141','2023-06-22',NULL,'Heart surgery, post-operative monitoring'),('AD371','P175','2024-08-15',NULL,'Management of obesity, lifestyle change counseling'),('AD372','P200','2024-09-24','2025-02-20','Surgical removal of kidney stone, recovery care'),('AD373','P408','2025-01-22',NULL,'Management of osteoarthritis, pain management'),('AD374','P280','2025-05-11','2025-10-04','Heart surgery, post-operative monitoring'),('AD375','P470','2025-04-04','2025-07-27','Treatment for alcohol addiction, rehabilitation'),('AD376','P13','2024-12-05','2025-05-09','Surgical repair of hernia, recovery care'),('AD377','P303','2024-06-17',NULL,'Surgical repair of torn ligament, recovery care'),('AD378','P362','2024-04-27',NULL,'Treatment for chronic migraines, medication adjustment'),('AD379','P358','2025-01-10',NULL,'Pre-natal care, monitoring fetal development'),('AD38','P243','2025-01-20',NULL,'Physiotherapy for shoulder dislocation'),('AD380','P115','2023-03-29','2025-10-23','Mental health therapy, depression management'),('AD381','P466','2025-01-16',NULL,'Rehabilitation after stroke, physical therapy'),('AD382','P360','2025-08-27','2025-12-09','Treatment for skin cancer, skin graft surgery'),('AD383','P325','2024-11-18','2025-03-02','Mental health therapy, depression management'),('AD384','P107','2025-10-25','2025-09-27','Treatment for alcohol addiction, rehabilitation'),('AD385','P499','2023-06-30',NULL,'Physiotherapy for shoulder dislocation'),('AD386','P115','2023-02-11',NULL,'Heart surgery, post-operative monitoring'),('AD387','P294','2023-02-20',NULL,'Rehabilitation after stroke, physical therapy'),('AD388','P426','2024-08-13','2025-08-04','Surgery for appendicitis, post-operative care'),('AD389','P373','2024-08-02',NULL,'Treatment for asthma, prescribed inhaler'),('AD39','P170','2025-07-24','2025-10-20','Post-operative recovery after heart surgery'),('AD390','P227','2024-03-05','2025-10-03','Post-surgical recovery after breast cancer surgery'),('AD391','P449','2023-01-12',NULL,'Heart surgery, post-operative monitoring'),('AD392','P81','2023-12-01',NULL,'Surgical repair of hernia, recovery care'),('AD393','P314','2023-08-22',NULL,'Pre-natal care, monitoring fetal development'),('AD394','P70','2024-09-14',NULL,'Treatment for pneumonia, administered antibiotics'),('AD395','P183','2024-05-22',NULL,'Cancer treatment, chemotherapy administered'),('AD396','P23','2025-03-04','2025-11-11','Treatment for severe allergic reactions, antihistamines'),('AD397','P363','2023-07-13',NULL,'Rehabilitation for joint replacement surgery'),('AD398','P96','2025-08-21','2025-07-08','Treatment for skin cancer, skin graft surgery'),('AD399','P24','2024-12-18','2025-08-09','Rehabilitation after major trauma, therapy'),('AD4','P271','2024-02-19',NULL,'Management of hypertension, prescribed medication'),('AD40','P336','2025-03-02',NULL,'Treatment for urinary tract infection, antibiotics'),('AD400','P324','2023-04-14','2025-01-24','Surgical repair of hernia, recovery care'),('AD401','P55','2024-12-29',NULL,'Chemotherapy treatment for lung cancer'),('AD402','P104','2025-10-12','2025-07-09','Treatment for chronic kidney disease, on dialysis'),('AD403','P410','2024-05-01','2025-05-24','Emergency treatment for fractures, under observation'),('AD404','P234','2024-05-18',NULL,'Surgical repair of torn ligament, recovery care'),('AD405','P260','2025-12-05',NULL,'Cancer immunotherapy treatment, under observation'),('AD406','P468','2025-08-23','2025-01-18','Pre-natal care, monitoring fetal development'),('AD407','P126','2024-04-29','2025-01-25','Post-operative recovery after hip replacement'),('AD408','P486','2025-10-09','2025-03-20','Management of obesity, lifestyle change counseling'),('AD409','P335','2024-01-31',NULL,'Post-operative care after back surgery'),('AD41','P402','2025-12-15','2025-11-04','Surgical removal of kidney stone, recovery care'),('AD410','P389','2023-09-27','2025-11-23','Treatment for pneumonia, administered antibiotics'),('AD411','P68','2024-04-14','2025-03-18','Cancer immunotherapy treatment, under observation'),('AD412','P329','2025-04-01','2025-08-24','Mental health therapy, depression management'),('AD413','P130','2025-04-08',NULL,'Management of hypothyroidism, medication adjustment'),('AD414','P6','2025-12-27',NULL,'Management of chronic pain, pain relief prescription'),('AD415','P8','2024-06-12','2025-11-22','Mental health therapy, depression management'),('AD416','P87','2023-02-07','2025-05-13','Rehabilitation for joint replacement surgery'),('AD417','P198','2025-01-07',NULL,'Management of chronic pain, pain relief prescription'),('AD418','P457','2025-07-09','2025-08-28','Management of hypothyroidism, medication adjustment'),('AD419','P82','2023-02-07',NULL,'Management of asthma, prescribed corticosteroids'),('AD42','P31','2023-07-05','2025-03-17','Management of hypertension, prescribed medication'),('AD420','P121','2024-01-02','2025-11-23','Treatment for chronic migraines, medication adjustment'),('AD421','P285','2025-10-12','2025-06-11','Management of osteoarthritis, pain management'),('AD422','P417','2023-07-03',NULL,'Surgical removal of kidney stone, recovery care'),('AD423','P123','2023-02-10','2025-07-10','Treatment for chronic migraines, medication adjustment'),('AD424','P289','2025-07-22','2025-09-27','Treatment for pneumonia, administered antibiotics'),('AD425','P216','2025-03-26',NULL,'Cancer immunotherapy treatment, under observation'),('AD426','P139','2025-08-11',NULL,'Rehabilitation after major trauma, therapy'),('AD427','P251','2023-05-26',NULL,'Post-operative recovery after hip replacement'),('AD428','P170','2025-09-18',NULL,'Treatment for urinary tract infection, antibiotics'),('AD429','P147','2025-11-27',NULL,'Pre-natal care, monitoring fetal development'),('AD43','P5','2023-04-21','2025-12-23','Post-operative recovery after heart surgery'),('AD430','P249','2024-10-03',NULL,'Management of diabetes, insulin adjustment'),('AD431','P318','2024-06-01',NULL,'Post-operative recovery after heart surgery'),('AD432','P26','2024-11-15','2025-10-16','Rehabilitation after major trauma, therapy'),('AD433','P29','2025-10-07',NULL,'Management of osteoarthritis, pain management'),('AD434','P76','2025-07-08',NULL,'Management of hypothyroidism, medication adjustment'),('AD435','P429','2023-05-02','2025-11-03','Emergency treatment for fractures, under observation'),('AD436','P462','2025-04-10','2025-09-26','Surgical repair of torn ligament, recovery care'),('AD437','P93','2025-12-09','2025-09-04','Treatment for high cholesterol, dietary changes'),('AD438','P248','2024-01-10',NULL,'Treatment for asthma, prescribed inhaler'),('AD439','P376','2025-07-06',NULL,'Surgical repair of hernia, recovery care'),('AD44','P64','2023-11-06','2025-04-08','Treatment for urinary tract infection, antibiotics'),('AD440','P444','2024-12-20','2025-04-01','Management of asthma, prescribed corticosteroids'),('AD441','P346','2023-02-24',NULL,'Post-operative care for gallbladder removal'),('AD442','P385','2024-07-07',NULL,'Rehabilitation after stroke, physical therapy'),('AD443','P210','2024-04-11',NULL,'Management of obesity, lifestyle change counseling'),('AD444','P461','2023-11-23',NULL,'Recovery from spinal surgery, physical therapy'),('AD445','P118','2023-04-14','2025-06-01','Treatment for gastric ulcers, prescribed medication'),('AD446','P69','2023-01-09',NULL,'Treatment for chronic kidney disease, on dialysis'),('AD447','P469','2024-03-08','2025-04-09','Treatment for pneumonia, administered antibiotics'),('AD448','P239','2023-05-26',NULL,'Heart surgery, post-operative monitoring'),('AD449','P383','2025-03-19','2025-02-04','Treatment for severe allergic reactions, antihistamines'),('AD45','P87','2025-08-20','2025-01-03','Mental health therapy, depression management'),('AD450','P368','2025-06-27',NULL,'Post-surgical care after knee replacement'),('AD451','P3','2025-03-09','2025-06-12','Treatment for asthma, prescribed inhaler'),('AD452','P339','2024-05-22',NULL,'Chemotherapy treatment for lung cancer'),('AD453','P236','2024-09-24',NULL,'Physiotherapy for shoulder dislocation'),('AD454','P356','2025-02-26','2025-10-07','Management of hypertension, prescribed medication'),('AD455','P405','2023-03-22',NULL,'Treatment for pneumonia, administered antibiotics'),('AD456','P26','2024-11-08','2025-12-18','Treatment for gastric ulcers, prescribed medication'),('AD457','P125','2023-12-01','2025-10-07','Post-surgical care after knee replacement'),('AD458','P126','2024-05-30','2025-03-07','Management of osteoarthritis, pain management'),('AD459','P415','2024-10-16',NULL,'Chemotherapy treatment for lung cancer'),('AD46','P389','2025-02-16',NULL,'Emergency treatment for fractures, under observation'),('AD460','P460','2025-04-05',NULL,'Emergency treatment for fractures, under observation'),('AD461','P167','2023-06-16','2025-08-18','Treatment for urinary tract infection, antibiotics'),('AD462','P484','2023-09-24',NULL,'Management of osteoarthritis, pain management'),('AD463','P25','2023-07-23',NULL,'Management of diabetes, insulin adjustment'),('AD464','P448','2024-01-16','2025-09-02','Surgical repair of torn ligament, recovery care'),('AD465','P227','2024-11-22','2025-11-16','Management of diabetes, insulin adjustment'),('AD466','P250','2025-01-17','2025-04-13','Mental health therapy, depression management'),('AD467','P470','2023-12-08','2025-11-18','Post-operative care after back surgery'),('AD468','P39','2025-06-01','2025-06-02','Emergency treatment for fractures, under observation'),('AD469','P184','2025-11-14',NULL,'Surgical repair of torn ligament, recovery care'),('AD47','P63','2023-07-23',NULL,'Management of osteoarthritis, pain management'),('AD470','P274','2023-04-04','2025-08-02','Post-operative care after back surgery'),('AD471','P178','2025-12-20','2025-01-28','Surgical repair of hernia, recovery care'),('AD472','P191','2023-06-17','2025-05-10','Surgery for appendicitis, post-operative care'),('AD473','P145','2023-06-24',NULL,'Treatment for asthma, prescribed inhaler'),('AD474','P334','2025-11-15',NULL,'Chemotherapy treatment for lung cancer'),('AD475','P12','2023-11-14',NULL,'Post-operative recovery after heart surgery'),('AD476','P266','2023-11-02','2025-05-02','Heart surgery, post-operative monitoring'),('AD477','P134','2023-11-07',NULL,'Emergency treatment for fractures, under observation'),('AD478','P202','2024-12-20','2025-03-07','Rehabilitation for joint replacement surgery'),('AD479','P467','2025-12-28',NULL,'Treatment for high cholesterol, dietary changes'),('AD48','P181','2025-09-09',NULL,'Treatment for alcohol addiction, rehabilitation'),('AD480','P46','2025-04-30',NULL,'Surgical repair of hernia, recovery care'),('AD481','P292','2025-06-24',NULL,'Cancer treatment, chemotherapy administered'),('AD482','P493','2025-10-11',NULL,'Treatment for pneumonia, administered antibiotics'),('AD483','P29','2023-05-10',NULL,'Treatment for chronic migraines, medication adjustment'),('AD484','P377','2023-11-24','2025-11-05','Post-operative care for gallbladder removal'),('AD485','P471','2024-09-27','2025-03-13','Cancer immunotherapy treatment, under observation'),('AD486','P196','2024-01-24','2025-09-21','Surgical repair of hernia, recovery care'),('AD487','P179','2023-12-01',NULL,'Post-operative care for gallbladder removal'),('AD488','P364','2024-05-09','2025-09-13','Heart surgery, post-operative monitoring'),('AD489','P209','2024-05-22','2025-07-07','Treatment for pneumonia, administered antibiotics'),('AD49','P69','2023-10-14','2025-12-18','Management of obesity, lifestyle change counseling'),('AD490','P92','2023-04-01',NULL,'Treatment for severe allergic reactions, antihistamines'),('AD491','P345','2025-02-15','2025-01-16','Post-surgical care after knee replacement'),('AD492','P305','2024-10-23','2025-02-25','Rehabilitation for joint replacement surgery'),('AD493','P326','2025-06-01','2025-12-31','Management of hypothyroidism, medication adjustment'),('AD494','P210','2023-08-31','2025-10-03','Cancer immunotherapy treatment, under observation'),('AD495','P222','2025-02-27',NULL,'Surgery for appendicitis, post-operative care'),('AD496','P486','2025-12-22',NULL,'Chemotherapy treatment for lung cancer'),('AD497','P155','2023-11-04',NULL,'Management of osteoarthritis, pain management'),('AD498','P338','2024-01-19',NULL,'Treatment for pneumonia, administered antibiotics'),('AD499','P467','2025-10-24','2025-01-21','Physiotherapy for shoulder dislocation'),('AD5','P331','2024-12-08','2025-02-28','Rehabilitation after major trauma, therapy'),('AD50','P18','2023-05-06','2025-01-31','Management of chronic pain, pain relief prescription'),('AD500','P287','2025-08-03',NULL,'Cancer treatment, chemotherapy administered'),('AD51','P328','2024-07-10','2025-09-06','Rehabilitation after major trauma, therapy'),('AD52','P64','2023-04-29','2025-08-08','Management of chronic pain, pain relief prescription'),('AD53','P358','2025-07-19',NULL,'Post-surgical care after knee replacement'),('AD54','P61','2025-03-16','2025-08-17','Management of osteoarthritis, pain management'),('AD55','P62','2025-10-29','2025-01-05','Management of osteoarthritis, pain management'),('AD56','P467','2023-09-04','2025-09-08','Treatment for gastric ulcers, prescribed medication'),('AD57','P347','2025-03-18','2025-03-19','Management of hypertension, prescribed medication'),('AD58','P462','2024-12-23',NULL,'Surgical repair of hernia, recovery care'),('AD59','P267','2025-08-15','2025-05-26','Emergency treatment for fractures, under observation'),('AD6','P374','2024-06-03','2025-08-01','Mental health therapy, depression management'),('AD60','P445','2023-02-26','2025-04-23','Emergency treatment for fractures, under observation'),('AD61','P12','2024-04-11','2025-08-29','Management of chronic pain, pain relief prescription'),('AD62','P138','2023-05-29','2025-02-14','Physiotherapy for shoulder dislocation'),('AD63','P438','2024-02-14',NULL,'Management of osteoarthritis, pain management'),('AD64','P370','2024-10-10',NULL,'Surgical repair of hernia, recovery care'),('AD65','P67','2024-10-10',NULL,'Post-operative recovery after heart surgery'),('AD66','P332','2023-12-06','2025-11-08','Cancer treatment, chemotherapy administered'),('AD67','P276','2024-08-06','2025-11-07','Recovery from spinal surgery, physical therapy'),('AD68','P274','2023-05-01',NULL,'Chemotherapy treatment for lung cancer'),('AD69','P7','2024-07-10','2025-09-01','Heart surgery, post-operative monitoring'),('AD7','P47','2025-11-17',NULL,'Management of chronic pain, pain relief prescription'),('AD70','P71','2024-11-22',NULL,'Surgical removal of kidney stone, recovery care'),('AD71','P263','2024-05-16',NULL,'Post-operative recovery after heart surgery'),('AD72','P11','2023-04-01','2025-11-27','Management of obesity, lifestyle change counseling'),('AD73','P54','2025-12-10',NULL,'Post-operative recovery after heart surgery'),('AD74','P394','2023-04-02',NULL,'Surgical repair of torn ligament, recovery care'),('AD75','P154','2025-08-19',NULL,'Recovery from spinal surgery, physical therapy'),('AD76','P142','2024-05-04','2025-06-26','Rehabilitation after stroke, physical therapy'),('AD77','P341','2023-11-19',NULL,'Treatment for chronic migraines, medication adjustment'),('AD78','P102','2023-12-09',NULL,'Treatment for chronic migraines, medication adjustment'),('AD79','P206','2025-04-22','2025-01-21','Cancer treatment, chemotherapy administered'),('AD8','P56','2024-08-09',NULL,'Post-operative recovery after hip replacement'),('AD80','P202','2025-05-04','2025-07-26','Treatment for chronic kidney disease, on dialysis'),('AD81','P493','2025-07-24',NULL,'Post-operative recovery after heart surgery'),('AD82','P212','2024-12-23',NULL,'Surgery for appendicitis, post-operative care'),('AD83','P311','2024-04-04',NULL,'Management of obesity, lifestyle change counseling'),('AD84','P484','2024-12-25',NULL,'Surgical repair of torn ligament, recovery care'),('AD85','P21','2023-07-07',NULL,'Surgical removal of kidney stone, recovery care'),('AD86','P500','2025-07-22',NULL,'Treatment for asthma, prescribed inhaler'),('AD87','P27','2024-03-30','2025-02-25','Pre-natal care, monitoring fetal development'),('AD88','P475','2024-07-11',NULL,'Treatment for high cholesterol, dietary changes'),('AD89','P204','2023-03-16','2025-06-04','Management of obesity, lifestyle change counseling'),('AD9','P382','2025-05-26',NULL,'Mental health therapy, depression management'),('AD90','P417','2025-11-08','2025-02-11','Mental health therapy, depression management'),('AD91','P291','2024-08-24',NULL,'Post-operative care for gallbladder removal'),('AD92','P48','2023-02-09','2025-03-09','Treatment for skin cancer, skin graft surgery'),('AD93','P228','2023-10-24',NULL,'Post-operative care for eye surgery'),('AD94','P423','2023-02-24',NULL,'Treatment for skin cancer, skin graft surgery'),('AD95','P164','2025-12-02',NULL,'Post-operative recovery after hip replacement'),('AD96','P276','2024-04-06','2025-11-13','Mental health therapy, depression management'),('AD97','P72','2024-01-28','2025-09-23','Mental health therapy, depression management'),('AD98','P126','2024-10-18','2025-07-29','Post-operative care after back surgery'),('AD99','P301','2024-03-14',NULL,'Treatment for severe allergic reactions, antihistamines');
/*!40000 ALTER TABLE `admissions` ENABLE KEYS */;
UNLOCK TABLES;

--
-- Table structure for table `appointments`
--

DROP TABLE IF EXISTS `appointments`;
/*!40101 SET @saved_cs_client     = @@character_set_client */;
/*!50503 SET character_set_client = utf8mb4 */;
CREATE TABLE `appointments` (
  `appointment_id` varchar(20) NOT NULL,
  `patient_id` varchar(10) DEFAULT NULL,
  `doctor_id` varchar(10) DEFAULT NULL,
  `appointment_date` date DEFAULT NULL,
  `appointment_time` time DEFAULT NULL,
  `status` varchar(20) DEFAULT NULL,
  PRIMARY KEY (`appointment_id`),
  KEY `patient_id` (`patient_id`),
  KEY `doctor_id` (`doctor_id`),
  CONSTRAINT `appointments_ibfk_1` FOREIGN KEY (`patient_id`) REFERENCES `patients` (`patient_id`),
  CONSTRAINT `appointments_ibfk_2` FOREIGN KEY (`doctor_id`) REFERENCES `doctors` (`doctor_id`)
) ENGINE=InnoDB DEFAULT CHARSET=utf8mb4 COLLATE=utf8mb4_general_ci;
/*!40101 SET character_set_client = @saved_cs_client */;

--
-- Dumping data for table `appointments`
--

LOCK TABLES `appointments` WRITE;
/*!40000 ALTER TABLE `appointments` DISABLE KEYS */;
INSERT INTO `appointments` VALUES ('A1','P182','D500','2026-04-01','17:00:00','Completed'),('A10','P135','D489','2025-05-16','17:30:00','Scheduled'),('A100','P445','D8','2026-11-11','13:00:00','Scheduled'),('A101','P398','D382','2025-03-22','12:30:00','Scheduled'),('A102','P309','D250','2026-03-19','16:30:00','Completed'),('A103','P419','D364','2026-03-17','12:00:00','Scheduled'),('A104','P100','D470','2025-04-04','12:00:00','Completed'),('A105','P386','D60','2026-10-19','16:30:00','Completed'),('A106','P242','D138','2026-02-09','17:00:00','Completed'),('A107','P272','D51','2025-05-10','12:00:00','Cancelled'),('A108','P89','D360','2025-02-20','16:00:00','Completed'),('A109','P404','D352','2025-06-28','12:00:00','Completed'),('A11','P459','D356','2025-12-25','15:00:00','Completed'),('A110','P492','D27','2025-02-27','13:00:00','Completed'),('A111','P27','D172','2025-02-24','13:30:00','Completed'),('A112','P148','D111','2025-05-12','11:30:00','Completed'),('A113','P72','D253','2025-05-31','14:00:00','Scheduled'),('A114','P189','D246','2025-02-20','14:30:00','Scheduled'),('A115','P250','D198','2025-06-08','13:30:00','Cancelled'),('A116','P115','D284','2025-08-27','09:00:00','Cancelled'),('A117','P272','D283','2025-01-28','11:30:00','Cancelled'),('A118','P476','D163','2025-03-15','11:30:00','Scheduled'),('A119','P392','D299','2026-01-12','11:00:00','Cancelled'),('A12','P308','D180','2025-05-28','12:00:00','Completed'),('A120','P373','D160','2026-08-07','17:00:00','Scheduled'),('A121','P396','D242','2025-04-21','12:00:00','Scheduled'),('A122','P25','D130','2026-11-22','14:30:00','Completed'),('A123','P76','D466','2026-01-08','11:00:00','Cancelled'),('A124','P153','D51','2025-06-19','10:30:00','Completed'),('A125','P65','D361','2025-03-28','08:00:00','Completed'),('A126','P296','D202','2025-05-10','17:30:00','Completed'),('A127','P436','D248','2025-11-12','09:00:00','Cancelled'),('A128','P340','D94','2026-06-27','13:30:00','Completed'),('A129','P261','D363','2025-12-18','10:00:00','Cancelled'),('A13','P98','D273','2026-07-09','10:00:00','Cancelled'),('A130','P262','D460','2025-05-03','17:30:00','Scheduled'),('A131','P260','D251','2026-12-09','16:00:00','Completed'),('A132','P124','D136','2025-06-16','14:30:00','Completed'),('A133','P438','D295','2026-10-25','16:30:00','Scheduled'),('A134','P242','D71','2025-02-20','12:00:00','Completed'),('A135','P349','D237','2025-06-22','11:00:00','Scheduled'),('A136','P120','D236','2026-10-25','14:30:00','Completed'),('A137','P453','D299','2025-09-07','11:30:00','Completed'),('A138','P312','D193','2026-10-23','12:00:00','Completed'),('A139','P258','D80','2026-05-09','08:30:00','Scheduled'),('A14','P357','D19','2025-04-25','11:30:00','Cancelled'),('A140','P423','D320','2025-08-08','11:00:00','Scheduled'),('A141','P250','D28','2025-06-27','12:00:00','Scheduled'),('A142','P136','D391','2026-07-04','15:00:00','Scheduled'),('A143','P302','D323','2025-01-24','17:00:00','Scheduled'),('A144','P349','D204','2026-07-20','12:00:00','Scheduled'),('A145','P83','D356','2025-09-25','16:30:00','Cancelled'),('A146','P331','D1','2026-10-17','16:30:00','Completed'),('A147','P169','D14','2025-02-20','13:00:00','Scheduled'),('A148','P239','D252','2026-02-11','15:00:00','Cancelled'),('A149','P234','D240','2025-06-30','15:30:00','Cancelled'),('A15','P442','D186','2025-08-15','13:00:00','Scheduled'),('A150','P322','D163','2026-06-09','08:30:00','Cancelled'),('A151','P275','D254','2025-10-23','13:30:00','Completed'),('A152','P361','D435','2025-09-25','16:30:00','Scheduled'),('A153','P265','D337','2025-08-06','12:30:00','Completed'),('A154','P43','D157','2026-02-16','10:30:00','Cancelled'),('A155','P317','D13','2026-10-04','11:30:00','Completed'),('A156','P473','D176','2026-08-04','16:00:00','Cancelled'),('A157','P127','D387','2025-02-09','12:30:00','Cancelled'),('A158','P243','D464','2025-04-20','09:30:00','Scheduled'),('A159','P43','D152','2026-02-22','12:30:00','Cancelled'),('A16','P67','D164','2026-05-07','09:30:00','Scheduled'),('A160','P49','D380','2025-11-27','12:30:00','Cancelled'),('A161','P18','D257','2026-09-28','17:30:00','Scheduled'),('A162','P36','D6','2025-01-08','14:30:00','Scheduled'),('A163','P251','D480','2026-03-21','10:00:00','Scheduled'),('A164','P26','D489','2025-08-29','15:00:00','Scheduled'),('A165','P134','D361','2025-09-01','08:30:00','Completed'),('A166','P424','D285','2026-02-11','10:30:00','Completed'),('A167','P139','D437','2025-06-12','17:30:00','Cancelled'),('A168','P308','D85','2025-04-09','13:30:00','Completed'),('A169','P220','D355','2026-08-09','08:30:00','Completed'),('A17','P390','D261','2025-01-20','08:00:00','Completed'),('A170','P171','D209','2025-11-16','16:30:00','Completed'),('A171','P290','D326','2025-10-01','12:30:00','Scheduled'),('A172','P424','D438','2025-10-23','12:30:00','Completed'),('A173','P201','D278','2025-08-20','12:00:00','Scheduled'),('A174','P123','D34','2025-01-18','14:30:00','Scheduled'),('A175','P172','D259','2026-03-20','12:30:00','Cancelled'),('A176','P431','D259','2025-10-23','15:00:00','Completed'),('A177','P97','D362','2025-04-30','08:00:00','Scheduled'),('A178','P266','D270','2025-10-24','16:00:00','Scheduled'),('A179','P139','D118','2025-07-27','16:30:00','Scheduled'),('A18','P361','D369','2026-06-09','17:30:00','Scheduled'),('A180','P490','D257','2025-07-22','16:00:00','Completed'),('A181','P372','D91','2025-04-28','17:00:00','Completed'),('A182','P116','D102','2026-03-10','09:30:00','Completed'),('A183','P493','D229','2026-06-10','15:00:00','Cancelled'),('A184','P366','D132','2025-04-29','17:30:00','Cancelled'),('A185','P48','D145','2025-10-27','14:00:00','Scheduled'),('A186','P311','D495','2026-05-21','09:30:00','Completed'),('A187','P283','D128','2025-03-23','10:00:00','Completed'),('A188','P210','D88','2026-08-02','13:00:00','Cancelled'),('A189','P354','D206','2025-01-28','15:00:00','Completed'),('A19','P98','D377','2025-01-14','10:00:00','Completed'),('A190','P294','D66','2026-08-27','11:00:00','Scheduled'),('A191','P224','D320','2025-05-22','15:30:00','Cancelled'),('A192','P240','D180','2026-07-12','09:30:00','Scheduled'),('A193','P406','D218','2026-11-29','11:00:00','Completed'),('A194','P60','D44','2026-03-14','10:30:00','Cancelled'),('A195','P202','D116','2026-09-25','14:00:00','Completed'),('A196','P93','D118','2026-05-13','15:00:00','Scheduled'),('A197','P260','D21','2026-05-20','09:00:00','Cancelled'),('A198','P118','D302','2026-09-19','08:30:00','Completed'),('A199','P104','D96','2026-11-24','09:30:00','Cancelled'),('A2','P464','D10','2026-04-17','10:30:00','Completed'),('A20','P161','D146','2026-02-13','16:30:00','Scheduled'),('A200','P254','D201','2025-02-28','13:30:00','Cancelled'),('A201','P495','D450','2026-04-20','15:00:00','Scheduled'),('A202','P289','D352','2025-02-02','08:30:00','Completed'),('A203','P408','D219','2025-08-27','11:30:00','Completed'),('A204','P131','D317','2025-06-03','09:30:00','Cancelled'),('A205','P173','D436','2026-07-29','16:00:00','Cancelled'),('A206','P116','D477','2025-03-17','16:30:00','Cancelled'),('A207','P206','D331','2026-12-07','11:30:00','Cancelled'),('A208','P368','D450','2025-03-24','09:00:00','Completed'),('A209','P333','D67','2025-03-28','17:30:00','Completed'),('A21','P449','D439','2025-07-05','11:30:00','Completed'),('A210','P473','D32','2025-09-23','08:30:00','Cancelled'),('A211','P340','D463','2025-01-30','16:00:00','Cancelled'),('A212','P370','D217','2025-07-20','13:30:00','Scheduled'),('A213','P420','D114','2026-10-27','11:00:00','Cancelled'),('A214','P54','D31','2025-10-06','12:30:00','Completed'),('A215','P403','D227','2026-10-17','11:00:00','Completed'),('A216','P96','D230','2026-10-21','10:00:00','Scheduled'),('A217','P450','D412','2026-07-26','15:00:00','Scheduled'),('A218','P305','D256','2025-08-08','15:30:00','Completed'),('A219','P295','D28','2025-08-22','17:30:00','Cancelled'),('A22','P81','D84','2026-01-24','10:00:00','Scheduled'),('A220','P330','D55','2025-02-13','14:30:00','Scheduled'),('A221','P81','D337','2025-06-24','12:00:00','Scheduled'),('A222','P24','D17','2026-11-22','12:30:00','Cancelled'),('A223','P388','D298','2025-01-26','09:30:00','Scheduled'),('A224','P18','D171','2026-01-15','11:30:00','Completed'),('A225','P8','D359','2025-12-24','12:30:00','Cancelled'),('A226','P416','D389','2025-05-31','16:00:00','Completed'),('A227','P368','D323','2025-03-10','17:30:00','Cancelled'),('A228','P261','D151','2025-11-18','17:30:00','Cancelled'),('A229','P359','D319','2025-08-28','17:00:00','Scheduled'),('A23','P382','D24','2025-05-16','16:30:00','Completed'),('A230','P430','D303','2026-02-24','13:30:00','Scheduled'),('A231','P350','D297','2026-02-12','13:00:00','Completed'),('A232','P274','D163','2026-07-04','16:00:00','Scheduled'),('A233','P263','D88','2026-07-16','14:30:00','Cancelled'),('A234','P123','D95','2026-09-15','12:00:00','Scheduled'),('A235','P36','D379','2025-07-13','13:00:00','Scheduled'),('A236','P124','D310','2026-05-07','13:30:00','Completed'),('A237','P197','D424','2026-04-12','08:00:00','Cancelled'),('A238','P365','D161','2025-03-15','09:00:00','Scheduled'),('A239','P276','D8','2026-08-09','16:00:00','Cancelled'),('A24','P303','D249','2025-03-16','14:00:00','Completed'),('A240','P346','D156','2025-06-01','17:00:00','Scheduled'),('A241','P292','D90','2026-02-26','09:30:00','Completed'),('A242','P452','D115','2026-02-09','17:30:00','Cancelled'),('A243','P177','D494','2026-06-26','11:00:00','Completed'),('A244','P254','D261','2025-06-22','16:00:00','Cancelled'),('A245','P484','D404','2025-09-25','11:30:00','Scheduled'),('A246','P166','D15','2025-11-13','08:30:00','Completed'),('A247','P128','D101','2026-09-19','09:00:00','Cancelled'),('A248','P186','D462','2026-03-08','14:30:00','Completed'),('A249','P235','D80','2025-02-25','17:30:00','Completed'),('A25','P299','D118','2026-11-18','14:30:00','Completed'),('A250','P452','D111','2025-09-21','13:30:00','Cancelled'),('A251','P453','D414','2025-10-07','13:00:00','Scheduled'),('A252','P237','D141','2026-06-28','09:00:00','Completed'),('A253','P190','D412','2026-05-31','08:30:00','Scheduled'),('A254','P119','D84','2025-07-25','09:30:00','Scheduled'),('A255','P465','D288','2026-03-16','14:30:00','Scheduled'),('A256','P318','D427','2026-02-13','14:00:00','Scheduled'),('A257','P379','D162','2025-01-14','17:30:00','Scheduled'),('A258','P434','D193','2025-12-06','16:00:00','Scheduled'),('A259','P165','D145','2026-10-20','15:00:00','Cancelled'),('A26','P465','D5','2026-02-03','17:00:00','Cancelled'),('A260','P86','D310','2026-03-05','09:00:00','Completed'),('A261','P244','D6','2026-01-20','08:30:00','Scheduled'),('A262','P296','D352','2025-09-07','15:30:00','Completed'),('A263','P203','D11','2025-12-28','16:00:00','Scheduled'),('A264','P263','D399','2026-04-15','16:00:00','Scheduled'),('A265','P461','D299','2025-04-08','15:30:00','Completed'),('A266','P31','D226','2025-12-03','08:00:00','Scheduled'),('A267','P394','D439','2026-08-23','16:00:00','Completed'),('A268','P144','D73','2026-11-17','12:30:00','Scheduled'),('A269','P148','D442','2025-04-25','11:30:00','Cancelled'),('A27','P371','D401','2026-01-23','17:30:00','Cancelled'),('A270','P419','D208','2025-05-24','09:30:00','Completed'),('A271','P161','D449','2025-09-16','11:00:00','Scheduled'),('A272','P414','D10','2025-05-29','09:30:00','Completed'),('A273','P112','D28','2026-09-17','13:30:00','Completed'),('A274','P78','D297','2025-04-02','12:00:00','Completed'),('A275','P328','D57','2026-06-07','10:00:00','Scheduled'),('A276','P4','D3','2026-04-27','09:00:00','Scheduled'),('A277','P135','D329','2025-08-19','11:30:00','Scheduled'),('A278','P61','D491','2026-10-12','13:00:00','Scheduled'),('A279','P4','D329','2025-04-12','16:00:00','Scheduled'),('A28','P415','D95','2025-10-20','16:00:00','Cancelled'),('A280','P47','D30','2026-08-17','14:00:00','Completed'),('A281','P83','D6','2026-11-05','17:00:00','Scheduled'),('A282','P490','D158','2026-09-21','16:30:00','Scheduled'),('A283','P425','D356','2026-05-17','17:30:00','Scheduled'),('A284','P93','D142','2026-02-13','15:00:00','Cancelled'),('A285','P130','D446','2025-12-14','10:30:00','Completed'),('A286','P29','D159','2025-12-14','11:30:00','Cancelled'),('A287','P320','D153','2025-07-04','11:00:00','Completed'),('A288','P138','D207','2026-06-04','11:00:00','Scheduled'),('A289','P259','D28','2025-08-31','11:30:00','Cancelled'),('A29','P281','D250','2026-09-10','11:30:00','Cancelled'),('A290','P437','D338','2026-12-02','13:30:00','Completed'),('A291','P227','D470','2025-09-29','12:00:00','Cancelled'),('A292','P309','D265','2025-07-24','13:30:00','Scheduled'),('A293','P354','D473','2025-09-14','15:00:00','Completed'),('A294','P245','D58','2026-11-18','13:00:00','Completed'),('A295','P383','D258','2025-10-03','08:30:00','Scheduled'),('A296','P307','D44','2025-10-12','16:30:00','Scheduled'),('A297','P487','D337','2025-10-23','12:00:00','Cancelled'),('A298','P44','D470','2025-08-02','12:00:00','Scheduled'),('A299','P77','D370','2026-10-11','17:00:00','Completed'),('A3','P289','D188','2025-08-08','13:30:00','Scheduled'),('A30','P408','D41','2025-02-25','13:00:00','Scheduled'),('A300','P493','D143','2026-04-15','13:30:00','Cancelled'),('A301','P269','D451','2026-05-05','08:00:00','Scheduled'),('A302','P50','D4','2025-05-08','10:30:00','Scheduled'),('A303','P146','D23','2026-07-23','14:00:00','Scheduled'),('A304','P181','D86','2026-10-26','14:00:00','Scheduled'),('A305','P308','D272','2026-08-31','12:30:00','Scheduled'),('A306','P177','D255','2025-06-08','08:30:00','Completed'),('A307','P314','D224','2025-04-22','14:00:00','Scheduled'),('A308','P489','D76','2025-07-24','14:30:00','Scheduled'),('A309','P396','D201','2025-01-29','13:30:00','Completed'),('A31','P89','D443','2025-03-05','11:00:00','Scheduled'),('A310','P488','D421','2026-05-07','13:30:00','Scheduled'),('A311','P207','D74','2026-01-24','13:00:00','Scheduled'),('A312','P77','D118','2026-06-25','11:00:00','Scheduled'),('A313','P293','D276','2025-07-05','15:30:00','Cancelled'),('A314','P294','D200','2026-02-11','08:00:00','Scheduled'),('A315','P253','D410','2026-10-15','12:30:00','Cancelled'),('A316','P336','D411','2025-04-17','08:30:00','Cancelled'),('A317','P153','D387','2025-05-20','14:00:00','Completed'),('A318','P168','D372','2025-09-09','16:30:00','Completed'),('A319','P338','D215','2026-09-14','11:30:00','Completed'),('A32','P269','D302','2025-02-26','13:30:00','Scheduled'),('A320','P215','D450','2025-01-07','16:30:00','Completed'),('A321','P333','D172','2026-07-17','16:30:00','Completed'),('A322','P419','D108','2026-10-09','13:30:00','Scheduled'),('A323','P29','D210','2026-08-10','13:00:00','Completed'),('A324','P480','D28','2025-08-12','17:30:00','Cancelled'),('A325','P8','D427','2026-07-29','10:30:00','Cancelled'),('A326','P284','D32','2025-04-23','11:30:00','Cancelled'),('A327','P198','D264','2025-03-18','08:00:00','Completed'),('A328','P165','D130','2025-10-11','14:00:00','Scheduled'),('A329','P127','D480','2025-06-29','14:00:00','Scheduled'),('A33','P310','D365','2025-07-03','09:30:00','Scheduled'),('A330','P56','D33','2026-04-25','08:30:00','Completed'),('A331','P18','D302','2025-08-07','12:00:00','Completed'),('A332','P383','D290','2025-06-29','10:00:00','Completed'),('A333','P184','D114','2026-07-05','12:30:00','Cancelled'),('A334','P176','D347','2026-10-21','10:30:00','Scheduled'),('A335','P306','D407','2025-05-20','08:00:00','Scheduled'),('A336','P489','D436','2025-07-01','17:00:00','Cancelled'),('A337','P136','D292','2025-01-10','13:00:00','Scheduled'),('A338','P175','D314','2026-08-19','12:30:00','Completed'),('A339','P183','D467','2025-06-01','08:00:00','Scheduled'),('A34','P46','D122','2026-06-12','14:30:00','Completed'),('A340','P246','D177','2026-03-21','08:00:00','Completed'),('A341','P160','D450','2026-06-07','10:00:00','Cancelled'),('A342','P53','D28','2025-02-19','12:30:00','Cancelled'),('A343','P334','D437','2025-08-28','13:30:00','Scheduled'),('A344','P444','D148','2026-03-31','15:00:00','Completed'),('A345','P316','D56','2026-01-08','16:00:00','Cancelled'),('A346','P493','D272','2025-09-26','16:00:00','Completed'),('A347','P385','D382','2025-01-21','09:00:00','Scheduled'),('A348','P193','D25','2026-05-28','15:00:00','Cancelled'),('A349','P94','D345','2026-07-20','17:30:00','Completed'),('A35','P431','D329','2025-11-09','12:30:00','Scheduled'),('A350','P422','D86','2025-07-07','08:30:00','Cancelled'),('A351','P189','D486','2025-09-04','11:00:00','Scheduled'),('A352','P206','D378','2025-02-20','14:30:00','Cancelled'),('A353','P54','D243','2026-04-04','15:30:00','Completed'),('A354','P242','D338','2026-10-13','16:00:00','Cancelled'),('A355','P423','D383','2026-12-05','16:30:00','Cancelled'),('A356','P182','D461','2025-10-26','13:30:00','Completed'),('A357','P284','D316','2026-09-07','15:00:00','Scheduled'),('A358','P40','D436','2026-06-14','10:30:00','Scheduled'),('A359','P434','D245','2025-10-07','08:00:00','Scheduled'),('A36','P190','D39','2025-08-12','11:00:00','Scheduled'),('A360','P492','D378','2026-12-13','15:00:00','Scheduled'),('A361','P143','D364','2026-03-07','15:30:00','Completed'),('A362','P394','D274','2026-08-07','10:00:00','Completed'),('A363','P387','D221','2026-12-11','08:30:00','Completed'),('A364','P185','D149','2025-10-22','12:00:00','Cancelled'),('A365','P31','D62','2026-06-15','08:00:00','Scheduled'),('A366','P45','D276','2025-06-18','15:30:00','Cancelled'),('A367','P244','D492','2025-05-12','09:00:00','Scheduled'),('A368','P345','D457','2026-01-25','17:00:00','Completed'),('A369','P238','D416','2026-01-19','13:00:00','Scheduled'),('A37','P155','D460','2026-10-10','15:00:00','Cancelled'),('A370','P488','D295','2026-02-13','13:30:00','Completed'),('A371','P258','D319','2026-08-13','08:30:00','Scheduled'),('A372','P247','D137','2025-06-20','14:30:00','Cancelled'),('A373','P188','D91','2025-12-28','16:00:00','Cancelled'),('A374','P281','D212','2025-11-29','11:30:00','Scheduled'),('A375','P259','D303','2026-03-31','14:30:00','Scheduled'),('A376','P442','D94','2025-08-31','11:30:00','Completed'),('A377','P38','D111','2026-08-23','11:00:00','Cancelled'),('A378','P498','D178','2025-11-23','10:00:00','Cancelled'),('A379','P463','D459','2025-03-12','10:30:00','Completed'),('A38','P431','D452','2025-12-03','10:30:00','Scheduled'),('A380','P364','D483','2026-07-19','11:00:00','Scheduled'),('A381','P10','D323','2025-09-22','15:00:00','Completed'),('A382','P464','D131','2026-02-16','12:00:00','Cancelled'),('A383','P154','D310','2025-01-03','14:30:00','Scheduled'),('A384','P434','D418','2026-03-05','12:00:00','Cancelled'),('A385','P212','D361','2025-08-05','16:00:00','Scheduled'),('A386','P255','D341','2025-03-07','14:00:00','Cancelled'),('A387','P117','D487','2025-09-17','14:30:00','Cancelled'),('A388','P140','D154','2026-08-20','13:00:00','Completed'),('A389','P477','D116','2026-08-21','12:00:00','Completed'),('A39','P22','D144','2025-02-07','17:30:00','Cancelled'),('A390','P279','D17','2026-08-04','12:00:00','Scheduled'),('A391','P291','D7','2026-09-23','16:30:00','Scheduled'),('A392','P159','D196','2025-04-10','11:30:00','Completed'),('A393','P48','D12','2025-06-23','11:30:00','Completed'),('A394','P377','D388','2026-05-01','11:00:00','Completed'),('A395','P185','D362','2025-11-13','16:00:00','Scheduled'),('A396','P407','D426','2025-04-19','11:00:00','Completed'),('A397','P152','D355','2026-07-24','12:30:00','Cancelled'),('A398','P285','D122','2025-06-06','15:00:00','Scheduled'),('A399','P320','D229','2026-03-19','11:30:00','Completed'),('A4','P176','D384','2026-07-20','15:00:00','Completed'),('A40','P464','D209','2025-04-15','10:00:00','Cancelled'),('A400','P62','D374','2026-07-16','13:30:00','Completed'),('A401','P175','D70','2026-05-12','10:00:00','Completed'),('A402','P244','D348','2026-10-17','12:00:00','Cancelled'),('A403','P478','D10','2025-11-24','08:00:00','Cancelled'),('A404','P365','D386','2025-12-09','14:00:00','Scheduled'),('A405','P276','D340','2025-06-23','11:30:00','Cancelled'),('A406','P371','D232','2026-09-27','14:30:00','Completed'),('A407','P115','D262','2026-02-07','09:00:00','Cancelled'),('A408','P313','D130','2026-12-17','13:00:00','Scheduled'),('A409','P297','D148','2026-07-20','12:00:00','Completed'),('A41','P388','D140','2025-01-19','13:00:00','Scheduled'),('A410','P178','D14','2026-06-14','13:30:00','Cancelled'),('A411','P329','D104','2026-03-27','11:30:00','Completed'),('A412','P329','D37','2025-03-13','16:30:00','Scheduled'),('A413','P187','D81','2026-01-07','11:30:00','Cancelled'),('A414','P291','D491','2025-05-30','08:30:00','Cancelled'),('A415','P332','D304','2026-06-29','10:30:00','Scheduled'),('A416','P495','D112','2026-08-17','17:00:00','Cancelled'),('A417','P434','D185','2026-06-04','09:30:00','Scheduled'),('A418','P416','D31','2026-02-17','17:00:00','Scheduled'),('A419','P176','D393','2026-06-19','11:00:00','Cancelled'),('A42','P45','D221','2025-12-02','15:00:00','Scheduled'),('A420','P443','D385','2025-06-21','15:00:00','Completed'),('A421','P256','D46','2025-08-21','10:00:00','Cancelled'),('A422','P344','D229','2026-03-07','16:30:00','Completed'),('A423','P94','D119','2025-11-30','10:00:00','Cancelled'),('A424','P63','D383','2025-10-12','17:30:00','Cancelled'),('A425','P236','D311','2025-05-10','10:00:00','Cancelled'),('A426','P159','D67','2026-03-02','08:00:00','Scheduled'),('A427','P378','D217','2025-07-23','15:30:00','Completed'),('A428','P368','D87','2025-09-18','16:30:00','Cancelled'),('A429','P212','D234','2025-01-04','17:00:00','Scheduled'),('A43','P354','D25','2025-12-12','13:30:00','Scheduled'),('A430','P372','D491','2025-02-22','15:00:00','Scheduled'),('A431','P329','D127','2025-01-10','15:00:00','Cancelled'),('A432','P292','D173','2026-06-27','16:00:00','Cancelled'),('A433','P162','D143','2026-11-07','16:00:00','Scheduled'),('A434','P277','D330','2026-09-17','11:00:00','Completed'),('A435','P343','D250','2025-01-19','11:30:00','Completed'),('A436','P338','D63','2026-02-28','13:30:00','Scheduled'),('A437','P53','D364','2026-06-17','14:30:00','Cancelled'),('A438','P186','D487','2025-08-20','10:30:00','Completed'),('A439','P133','D94','2026-02-08','09:00:00','Scheduled'),('A44','P356','D271','2025-08-30','15:00:00','Scheduled'),('A440','P384','D459','2026-10-02','13:00:00','Cancelled'),('A441','P188','D498','2025-09-18','16:00:00','Cancelled'),('A442','P97','D65','2026-03-17','09:00:00','Completed'),('A443','P390','D468','2026-03-27','16:30:00','Cancelled'),('A444','P104','D467','2025-06-12','15:30:00','Scheduled'),('A445','P334','D27','2026-05-20','16:30:00','Scheduled'),('A446','P313','D379','2025-04-03','11:30:00','Cancelled'),('A447','P355','D44','2025-08-07','16:00:00','Cancelled'),('A448','P265','D106','2026-01-24','10:30:00','Scheduled'),('A449','P412','D329','2026-03-08','08:00:00','Scheduled'),('A45','P200','D256','2026-05-08','08:00:00','Cancelled'),('A450','P374','D159','2025-04-18','16:00:00','Cancelled'),('A451','P188','D317','2025-10-07','14:30:00','Cancelled'),('A452','P249','D327','2025-02-02','09:00:00','Completed'),('A453','P316','D350','2026-03-16','17:30:00','Scheduled'),('A454','P196','D66','2025-03-23','11:30:00','Scheduled'),('A455','P136','D228','2025-07-07','09:00:00','Completed'),('A456','P117','D175','2025-01-26','08:30:00','Cancelled'),('A457','P117','D122','2026-06-08','08:00:00','Cancelled'),('A458','P71','D188','2025-09-09','15:00:00','Completed'),('A459','P192','D497','2026-05-23','08:30:00','Completed'),('A46','P407','D101','2025-01-10','09:00:00','Cancelled'),('A460','P159','D212','2025-06-27','08:00:00','Completed'),('A461','P182','D36','2025-09-28','15:00:00','Cancelled'),('A462','P179','D412','2026-04-09','13:00:00','Completed'),('A463','P376','D442','2025-07-22','09:30:00','Cancelled'),('A464','P203','D10','2026-03-01','08:00:00','Scheduled'),('A465','P128','D187','2025-01-19','17:30:00','Completed'),('A466','P94','D375','2026-12-09','13:00:00','Scheduled'),('A467','P157','D129','2025-10-07','16:30:00','Scheduled'),('A468','P6','D347','2025-10-24','17:00:00','Cancelled'),('A469','P479','D197','2026-11-03','13:00:00','Scheduled'),('A47','P77','D52','2026-04-10','08:30:00','Cancelled'),('A470','P257','D353','2025-08-31','13:30:00','Cancelled'),('A471','P370','D215','2026-08-17','11:00:00','Completed'),('A472','P148','D414','2025-12-25','17:00:00','Completed'),('A473','P274','D190','2026-07-11','12:30:00','Scheduled'),('A474','P7','D476','2025-07-28','17:00:00','Scheduled'),('A475','P321','D201','2026-02-08','09:30:00','Completed'),('A476','P65','D358','2026-01-10','10:30:00','Completed'),('A477','P415','D492','2025-07-22','08:30:00','Cancelled'),('A478','P376','D257','2025-09-30','14:00:00','Cancelled'),('A479','P340','D98','2025-12-31','11:00:00','Scheduled'),('A48','P319','D268','2026-03-03','10:00:00','Scheduled'),('A480','P339','D403','2026-09-12','11:30:00','Completed'),('A481','P9','D93','2025-08-26','09:00:00','Scheduled'),('A482','P94','D94','2025-11-29','14:30:00','Scheduled'),('A483','P383','D36','2026-01-01','16:30:00','Completed'),('A484','P165','D350','2026-03-14','09:00:00','Scheduled'),('A485','P115','D499','2026-05-11','09:30:00','Scheduled'),('A486','P25','D138','2026-11-22','13:00:00','Completed'),('A487','P103','D411','2025-02-21','10:30:00','Cancelled'),('A488','P91','D172','2025-10-16','09:00:00','Cancelled'),('A489','P14','D30','2025-01-22','08:30:00','Scheduled'),('A49','P358','D319','2025-07-13','17:00:00','Scheduled'),('A490','P499','D230','2025-05-02','13:30:00','Scheduled'),('A491','P235','D364','2025-12-09','11:00:00','Scheduled'),('A492','P377','D400','2026-11-09','12:00:00','Completed'),('A493','P239','D373','2026-11-29','17:00:00','Completed'),('A494','P267','D175','2025-05-27','16:30:00','Completed'),('A495','P342','D40','2026-03-13','15:00:00','Completed'),('A496','P30','D124','2025-07-30','08:00:00','Cancelled'),('A497','P484','D497','2025-05-07','10:30:00','Cancelled'),('A498','P24','D6','2025-01-06','11:00:00','Scheduled'),('A499','P381','D130','2025-10-17','16:30:00','Scheduled'),('A5','P63','D207','2025-07-27','16:30:00','Completed'),('A50','P343','D284','2025-10-14','15:30:00','Completed'),('A500','P315','D471','2026-12-22','11:30:00','Completed'),('A51','P310','D351','2026-11-21','08:30:00','Scheduled'),('A52','P272','D252','2026-02-08','10:00:00','Completed'),('A53','P238','D268','2026-01-12','09:30:00','Cancelled'),('A54','P358','D326','2025-04-28','13:30:00','Completed'),('A55','P325','D35','2026-01-24','14:30:00','Scheduled'),('A56','P39','D109','2026-01-17','17:30:00','Completed'),('A57','P331','D457','2025-08-13','17:30:00','Completed'),('A58','P427','D223','2026-03-20','13:00:00','Completed'),('A59','P281','D429','2026-03-04','12:00:00','Scheduled'),('A6','P477','D455','2025-01-04','08:30:00','Scheduled'),('A60','P180','D66','2025-08-16','10:00:00','Cancelled'),('A61','P224','D355','2025-05-16','16:00:00','Cancelled'),('A62','P274','D349','2026-11-19','15:00:00','Cancelled'),('A63','P400','D382','2026-05-08','15:00:00','Cancelled'),('A64','P50','D294','2025-01-21','16:30:00','Scheduled'),('A65','P233','D392','2025-04-11','08:30:00','Cancelled'),('A66','P119','D298','2026-11-25','14:00:00','Cancelled'),('A67','P62','D4','2025-09-21','17:00:00','Completed'),('A68','P42','D203','2026-03-14','11:30:00','Completed'),('A69','P261','D431','2026-07-21','10:30:00','Cancelled'),('A7','P365','D233','2025-04-24','08:30:00','Completed'),('A70','P34','D491','2026-08-11','11:00:00','Scheduled'),('A71','P487','D40','2026-08-29','14:00:00','Scheduled'),('A72','P469','D389','2026-07-16','10:30:00','Completed'),('A73','P41','D441','2026-12-05','10:30:00','Cancelled'),('A74','P236','D239','2025-11-02','13:00:00','Cancelled'),('A75','P123','D3','2026-10-22','13:30:00','Cancelled'),('A76','P226','D71','2026-01-22','09:30:00','Cancelled'),('A77','P360','D148','2026-07-31','15:30:00','Completed'),('A78','P472','D180','2026-06-16','09:00:00','Cancelled'),('A79','P86','D195','2026-06-04','10:30:00','Cancelled'),('A8','P425','D98','2026-04-14','10:30:00','Cancelled'),('A80','P119','D66','2025-11-16','09:00:00','Completed'),('A81','P344','D309','2025-01-26','11:30:00','Cancelled'),('A82','P105','D49','2025-04-24','12:00:00','Completed'),('A83','P80','D73','2025-12-07','15:00:00','Completed'),('A84','P238','D418','2026-02-03','14:30:00','Scheduled'),('A85','P333','D431','2026-09-13','14:00:00','Cancelled'),('A86','P182','D352','2025-12-28','12:30:00','Scheduled'),('A87','P98','D334','2025-07-11','10:00:00','Scheduled'),('A88','P119','D342','2026-01-03','11:00:00','Completed'),('A89','P195','D117','2026-06-13','15:30:00','Cancelled'),('A9','P150','D25','2026-09-25','13:30:00','Completed'),('A90','P452','D132','2026-04-24','16:00:00','Cancelled'),('A91','P258','D10','2025-04-28','15:00:00','Cancelled'),('A92','P144','D108','2025-08-18','12:00:00','Completed'),('A93','P152','D411','2026-08-21','12:30:00','Completed'),('A94','P130','D200','2025-12-23','16:30:00','Scheduled'),('A95','P403','D495','2025-01-22','11:30:00','Cancelled'),('A96','P412','D448','2025-01-08','14:30:00','Completed'),('A97','P347','D19','2025-06-06','13:30:00','Cancelled'),('A98','P91','D227','2026-05-20','10:00:00','Completed'),('A99','P287','D177','2025-01-22','14:00:00','Completed');
/*!40000 ALTER TABLE `appointments` ENABLE KEYS */;
UNLOCK TABLES;

--
-- Table structure for table `billing`
--

DROP TABLE IF EXISTS `billing`;
/*!40101 SET @saved_cs_client     = @@character_set_client */;
/*!50503 SET character_set_client = utf8mb4 */;
CREATE TABLE `billing` (
  `billing_id` int(11) NOT NULL AUTO_INCREMENT,
  `patient_id` varchar(10) NOT NULL,
  `appointment_id` varchar(10) NOT NULL,
  `consultation_fee` decimal(10,2) NOT NULL,
  `payment_status` enum('Paid','Outstanding','Partially Paid') NOT NULL,
  `payment_method` enum('Cash','Credit Card','Insurance','Bank Transfer') NOT NULL,
  `amount_paid` decimal(10,2) DEFAULT 0.00,
  `outstanding_balance` decimal(10,2) GENERATED ALWAYS AS (`consultation_fee` - `amount_paid`) STORED,
  `billing_date` date NOT NULL,
  PRIMARY KEY (`billing_id`),
  KEY `patient_id` (`patient_id`),
  KEY `appointment_id` (`appointment_id`),
  CONSTRAINT `billing_ibfk_1` FOREIGN KEY (`patient_id`) REFERENCES `patients` (`patient_id`),
  CONSTRAINT `billing_ibfk_2` FOREIGN KEY (`appointment_id`) REFERENCES `appointments` (`appointment_id`)
) ENGINE=InnoDB AUTO_INCREMENT=501 DEFAULT CHARSET=utf8mb4 COLLATE=utf8mb4_general_ci;
/*!40101 SET character_set_client = @saved_cs_client */;

--
-- Dumping data for table `billing`
--

LOCK TABLES `billing` WRITE;
/*!40000 ALTER TABLE `billing` DISABLE KEYS */;
INSERT INTO `billing` (`billing_id`, `patient_id`, `appointment_id`, `consultation_fee`, `payment_status`, `payment_method`, `amount_paid`, `billing_date`) VALUES (1,'P485','A491',106.50,'Partially Paid','Insurance',100.04,'2024-07-05'),(2,'P104','A382',348.87,'Partially Paid','Credit Card',276.54,'2025-03-22'),(3,'P11','A431',335.89,'Paid','Cash',335.89,'2024-12-29'),(4,'P330','A136',112.33,'Outstanding','Credit Card',0.00,'2025-07-06'),(5,'P362','A56',179.60,'Partially Paid','Credit Card',96.17,'2023-08-08'),(6,'P453','A254',341.00,'Outstanding','Cash',0.00,'2025-11-28'),(7,'P161','A298',224.38,'Paid','Insurance',224.38,'2025-01-21'),(8,'P234','A457',119.86,'Outstanding','Cash',0.00,'2024-12-12'),(9,'P247','A280',395.81,'Paid','Credit Card',395.81,'2023-06-26'),(10,'P89','A201',139.03,'Outstanding','Insurance',0.00,'2024-04-06'),(11,'P359','A24',457.45,'Paid','Insurance',457.45,'2024-03-26'),(12,'P341','A201',436.95,'Partially Paid','Cash',430.99,'2024-05-05'),(13,'P410','A10',266.08,'Partially Paid','Cash',54.74,'2023-08-07'),(14,'P111','A141',294.26,'Partially Paid','Cash',159.93,'2024-02-18'),(15,'P344','A367',121.49,'Outstanding','Insurance',0.00,'2025-06-01'),(16,'P325','A31',280.61,'Paid','Cash',280.61,'2023-12-17'),(17,'P159','A333',154.01,'Paid','Cash',154.01,'2023-04-13'),(18,'P163','A261',228.45,'Partially Paid','Insurance',139.00,'2023-06-14'),(19,'P114','A238',349.30,'Outstanding','Credit Card',0.00,'2024-09-24'),(20,'P129','A185',352.99,'Paid','Bank Transfer',352.99,'2023-06-12'),(21,'P294','A156',234.37,'Outstanding','Credit Card',0.00,'2024-05-20'),(22,'P352','A60',479.00,'Outstanding','Cash',0.00,'2024-08-05'),(23,'P291','A368',251.14,'Paid','Cash',251.14,'2023-04-23'),(24,'P107','A29',241.13,'Paid','Cash',241.13,'2024-06-12'),(25,'P125','A401',257.23,'Paid','Bank Transfer',257.23,'2024-09-08'),(26,'P50','A240',318.34,'Paid','Cash',318.34,'2024-09-27'),(27,'P164','A90',294.05,'Partially Paid','Bank Transfer',198.33,'2025-01-20'),(28,'P321','A334',330.64,'Partially Paid','Insurance',204.98,'2023-08-24'),(29,'P290','A366',158.08,'Paid','Bank Transfer',158.08,'2023-08-18'),(30,'P133','A355',158.28,'Outstanding','Bank Transfer',0.00,'2023-06-08'),(31,'P427','A440',229.66,'Outstanding','Cash',0.00,'2025-07-24'),(32,'P85','A10',399.06,'Partially Paid','Credit Card',320.33,'2023-04-20'),(33,'P103','A124',112.26,'Outstanding','Cash',0.00,'2023-02-02'),(34,'P143','A440',308.28,'Partially Paid','Insurance',131.38,'2025-09-19'),(35,'P123','A245',137.15,'Outstanding','Credit Card',0.00,'2023-10-08'),(36,'P290','A443',164.77,'Outstanding','Cash',0.00,'2023-12-03'),(37,'P164','A267',223.51,'Paid','Credit Card',223.51,'2025-11-18'),(38,'P64','A463',252.62,'Outstanding','Credit Card',0.00,'2025-01-23'),(39,'P212','A168',119.05,'Paid','Insurance',119.05,'2024-01-27'),(40,'P22','A339',441.51,'Paid','Bank Transfer',441.51,'2025-12-03'),(41,'P448','A160',356.43,'Partially Paid','Cash',216.83,'2024-12-25'),(42,'P210','A54',357.20,'Paid','Cash',357.20,'2025-10-09'),(43,'P226','A154',228.99,'Partially Paid','Bank Transfer',226.22,'2025-03-02'),(44,'P451','A406',453.02,'Partially Paid','Cash',263.04,'2024-07-06'),(45,'P347','A223',438.83,'Partially Paid','Credit Card',385.29,'2025-04-18'),(46,'P167','A346',360.77,'Paid','Insurance',360.77,'2025-01-06'),(47,'P114','A35',178.99,'Outstanding','Credit Card',0.00,'2025-03-02'),(48,'P457','A402',230.04,'Outstanding','Bank Transfer',0.00,'2024-01-21'),(49,'P122','A285',482.42,'Outstanding','Insurance',0.00,'2025-12-03'),(50,'P400','A330',217.18,'Paid','Insurance',217.18,'2025-06-04'),(51,'P114','A459',405.77,'Partially Paid','Insurance',141.58,'2025-06-17'),(52,'P248','A480',191.02,'Outstanding','Bank Transfer',0.00,'2024-12-28'),(53,'P204','A300',195.67,'Outstanding','Bank Transfer',0.00,'2024-03-09'),(54,'P52','A364',134.45,'Partially Paid','Insurance',64.79,'2024-04-13'),(55,'P228','A8',194.42,'Outstanding','Credit Card',0.00,'2023-05-22'),(56,'P226','A233',212.77,'Partially Paid','Credit Card',104.87,'2024-09-10'),(57,'P417','A23',447.32,'Outstanding','Credit Card',0.00,'2023-09-13'),(58,'P402','A224',414.23,'Partially Paid','Cash',299.21,'2025-03-21'),(59,'P443','A97',358.08,'Outstanding','Insurance',0.00,'2025-07-08'),(60,'P361','A490',168.30,'Paid','Bank Transfer',168.30,'2023-03-08'),(61,'P357','A483',480.44,'Partially Paid','Insurance',293.57,'2024-11-03'),(62,'P162','A166',365.70,'Paid','Insurance',365.70,'2024-01-03'),(63,'P140','A153',176.41,'Outstanding','Credit Card',0.00,'2024-01-16'),(64,'P280','A389',279.53,'Paid','Insurance',279.53,'2024-06-01'),(65,'P68','A500',379.23,'Paid','Credit Card',379.23,'2025-02-12'),(66,'P366','A473',231.74,'Partially Paid','Bank Transfer',204.74,'2023-07-16'),(67,'P198','A424',114.45,'Outstanding','Insurance',0.00,'2025-07-02'),(68,'P85','A451',232.24,'Partially Paid','Insurance',186.41,'2025-12-04'),(69,'P209','A275',378.62,'Paid','Bank Transfer',378.62,'2025-02-11'),(70,'P1','A155',302.92,'Outstanding','Credit Card',0.00,'2025-04-27'),(71,'P317','A96',427.54,'Partially Paid','Credit Card',320.54,'2025-10-20'),(72,'P129','A217',261.55,'Partially Paid','Credit Card',91.40,'2023-09-12'),(73,'P153','A484',226.51,'Paid','Cash',226.51,'2025-01-24'),(74,'P231','A130',110.52,'Partially Paid','Credit Card',84.99,'2025-04-09'),(75,'P288','A67',175.87,'Partially Paid','Bank Transfer',87.87,'2023-02-02'),(76,'P495','A3',137.87,'Outstanding','Credit Card',0.00,'2025-09-18'),(77,'P55','A72',157.88,'Paid','Insurance',157.88,'2024-10-05'),(78,'P477','A433',223.53,'Partially Paid','Bank Transfer',150.53,'2024-03-08'),(79,'P311','A21',383.76,'Paid','Insurance',383.76,'2024-12-05'),(80,'P166','A378',402.61,'Paid','Bank Transfer',402.61,'2024-01-07'),(81,'P294','A166',370.89,'Paid','Cash',370.89,'2023-10-18'),(82,'P426','A20',303.48,'Outstanding','Credit Card',0.00,'2025-09-20'),(83,'P53','A311',195.52,'Paid','Credit Card',195.52,'2025-05-26'),(84,'P188','A258',293.99,'Paid','Credit Card',293.99,'2025-03-31'),(85,'P201','A273',438.94,'Partially Paid','Credit Card',135.97,'2024-01-04'),(86,'P95','A244',246.73,'Paid','Cash',246.73,'2023-10-03'),(87,'P486','A205',122.60,'Paid','Credit Card',122.60,'2023-06-25'),(88,'P362','A393',419.02,'Paid','Cash',419.02,'2025-06-24'),(89,'P93','A412',212.89,'Paid','Bank Transfer',212.89,'2023-11-04'),(90,'P146','A86',392.05,'Outstanding','Bank Transfer',0.00,'2023-04-06'),(91,'P154','A157',393.06,'Partially Paid','Credit Card',61.60,'2024-09-01'),(92,'P410','A179',295.25,'Partially Paid','Bank Transfer',84.80,'2024-02-11'),(93,'P429','A338',460.02,'Partially Paid','Bank Transfer',427.33,'2023-01-17'),(94,'P161','A80',410.01,'Partially Paid','Cash',114.29,'2023-03-30'),(95,'P415','A381',235.07,'Outstanding','Cash',0.00,'2025-07-09'),(96,'P339','A22',472.60,'Partially Paid','Credit Card',351.43,'2023-08-09'),(97,'P419','A449',287.31,'Paid','Credit Card',287.31,'2025-02-26'),(98,'P152','A324',361.38,'Paid','Credit Card',361.38,'2023-06-03'),(99,'P262','A145',309.34,'Paid','Credit Card',309.34,'2023-09-26'),(100,'P468','A299',334.94,'Partially Paid','Bank Transfer',125.58,'2023-10-23'),(101,'P81','A117',231.55,'Paid','Credit Card',231.55,'2024-08-23'),(102,'P478','A241',375.99,'Outstanding','Cash',0.00,'2024-05-25'),(103,'P451','A24',144.16,'Paid','Insurance',144.16,'2024-02-24'),(104,'P426','A421',211.81,'Partially Paid','Insurance',74.95,'2024-10-11'),(105,'P395','A433',439.28,'Partially Paid','Cash',381.32,'2023-03-15'),(106,'P246','A368',163.53,'Partially Paid','Credit Card',60.36,'2025-11-04'),(107,'P162','A256',120.43,'Outstanding','Cash',0.00,'2023-05-19'),(108,'P445','A35',398.31,'Partially Paid','Bank Transfer',297.93,'2023-06-22'),(109,'P370','A364',311.78,'Outstanding','Cash',0.00,'2023-12-04'),(110,'P500','A131',117.68,'Partially Paid','Insurance',75.87,'2024-02-17'),(111,'P97','A415',357.83,'Paid','Cash',357.83,'2024-04-13'),(112,'P233','A306',196.63,'Paid','Cash',196.63,'2023-10-14'),(113,'P359','A452',263.68,'Outstanding','Cash',0.00,'2023-01-24'),(114,'P123','A476',118.41,'Paid','Bank Transfer',118.41,'2025-09-14'),(115,'P129','A124',464.91,'Paid','Credit Card',464.91,'2024-11-10'),(116,'P141','A474',120.14,'Outstanding','Bank Transfer',0.00,'2025-04-08'),(117,'P388','A151',332.39,'Paid','Insurance',332.39,'2024-11-16'),(118,'P140','A378',150.67,'Outstanding','Bank Transfer',0.00,'2023-05-08'),(119,'P490','A221',313.96,'Outstanding','Insurance',0.00,'2025-01-01'),(120,'P225','A117',490.66,'Partially Paid','Cash',299.46,'2023-03-22'),(121,'P171','A493',366.44,'Outstanding','Bank Transfer',0.00,'2025-08-10'),(122,'P300','A297',279.77,'Outstanding','Bank Transfer',0.00,'2024-01-22'),(123,'P249','A413',289.95,'Partially Paid','Cash',185.09,'2025-04-05'),(124,'P179','A95',483.01,'Partially Paid','Credit Card',424.60,'2025-04-18'),(125,'P351','A474',325.26,'Paid','Bank Transfer',325.26,'2025-07-30'),(126,'P293','A361',422.30,'Paid','Credit Card',422.30,'2023-10-16'),(127,'P142','A112',454.09,'Outstanding','Insurance',0.00,'2023-05-23'),(128,'P282','A357',360.68,'Paid','Credit Card',360.68,'2024-07-17'),(129,'P356','A77',327.43,'Outstanding','Cash',0.00,'2023-01-29'),(130,'P157','A499',397.73,'Paid','Bank Transfer',397.73,'2025-04-11'),(131,'P81','A209',408.24,'Outstanding','Bank Transfer',0.00,'2025-08-25'),(132,'P18','A53',290.85,'Partially Paid','Bank Transfer',210.29,'2025-03-25'),(133,'P474','A323',475.52,'Paid','Cash',475.52,'2023-05-22'),(134,'P498','A146',149.14,'Partially Paid','Cash',149.09,'2024-10-23'),(135,'P408','A85',293.31,'Paid','Bank Transfer',293.31,'2023-08-03'),(136,'P167','A35',134.75,'Partially Paid','Insurance',84.89,'2023-04-06'),(137,'P85','A493',495.37,'Paid','Insurance',495.37,'2025-06-13'),(138,'P146','A153',311.83,'Paid','Credit Card',311.83,'2023-12-29'),(139,'P255','A321',412.09,'Outstanding','Insurance',0.00,'2025-05-02'),(140,'P315','A300',420.99,'Partially Paid','Bank Transfer',334.24,'2023-10-06'),(141,'P121','A252',424.82,'Partially Paid','Cash',406.11,'2023-05-03'),(142,'P404','A364',339.81,'Paid','Cash',339.81,'2025-08-03'),(143,'P148','A380',136.06,'Paid','Insurance',136.06,'2025-03-03'),(144,'P305','A186',191.05,'Paid','Bank Transfer',191.05,'2023-04-02'),(145,'P28','A256',289.48,'Paid','Credit Card',289.48,'2023-07-16'),(146,'P355','A355',204.82,'Paid','Bank Transfer',204.82,'2025-02-15'),(147,'P42','A422',190.35,'Paid','Bank Transfer',190.35,'2025-01-08'),(148,'P240','A88',203.09,'Partially Paid','Credit Card',100.88,'2024-12-14'),(149,'P374','A82',196.04,'Partially Paid','Insurance',83.86,'2024-04-16'),(150,'P355','A128',130.17,'Partially Paid','Bank Transfer',115.82,'2023-01-12'),(151,'P46','A162',161.78,'Partially Paid','Credit Card',124.32,'2025-02-19'),(152,'P474','A194',202.98,'Partially Paid','Insurance',89.40,'2023-10-22'),(153,'P449','A204',326.70,'Partially Paid','Insurance',205.18,'2024-01-22'),(154,'P397','A440',424.15,'Partially Paid','Insurance',402.03,'2025-04-16'),(155,'P115','A324',315.27,'Partially Paid','Credit Card',287.65,'2025-12-02'),(156,'P135','A107',491.92,'Partially Paid','Bank Transfer',374.67,'2023-09-20'),(157,'P247','A196',381.89,'Outstanding','Bank Transfer',0.00,'2024-05-22'),(158,'P16','A438',108.43,'Outstanding','Credit Card',0.00,'2023-01-21'),(159,'P424','A405',413.95,'Outstanding','Credit Card',0.00,'2023-01-16'),(160,'P84','A422',299.42,'Outstanding','Credit Card',0.00,'2024-04-04'),(161,'P300','A319',200.58,'Outstanding','Credit Card',0.00,'2024-11-05'),(162,'P29','A132',270.43,'Partially Paid','Credit Card',259.48,'2023-10-05'),(163,'P454','A433',342.30,'Paid','Bank Transfer',342.30,'2024-04-21'),(164,'P112','A59',138.40,'Outstanding','Credit Card',0.00,'2024-08-09'),(165,'P482','A417',369.19,'Partially Paid','Credit Card',273.97,'2024-03-15'),(166,'P436','A425',227.86,'Outstanding','Cash',0.00,'2024-11-22'),(167,'P179','A69',147.39,'Paid','Cash',147.39,'2025-10-19'),(168,'P471','A314',253.41,'Outstanding','Bank Transfer',0.00,'2023-02-09'),(169,'P44','A310',373.15,'Paid','Insurance',373.15,'2023-05-02'),(170,'P378','A364',424.62,'Outstanding','Insurance',0.00,'2023-12-26'),(171,'P167','A348',194.63,'Outstanding','Insurance',0.00,'2025-05-29'),(172,'P56','A79',111.60,'Partially Paid','Insurance',57.62,'2023-08-01'),(173,'P309','A469',290.13,'Paid','Insurance',290.13,'2023-11-04'),(174,'P480','A409',412.23,'Outstanding','Bank Transfer',0.00,'2023-10-21'),(175,'P417','A199',126.34,'Partially Paid','Credit Card',111.94,'2025-03-15'),(176,'P5','A310',300.03,'Paid','Cash',300.03,'2023-04-16'),(177,'P206','A474',128.47,'Outstanding','Credit Card',0.00,'2025-10-23'),(178,'P15','A73',372.44,'Paid','Insurance',372.44,'2024-01-09'),(179,'P148','A279',390.34,'Partially Paid','Credit Card',109.01,'2023-04-07'),(180,'P100','A104',109.41,'Outstanding','Credit Card',0.00,'2024-05-02'),(181,'P357','A457',353.56,'Partially Paid','Credit Card',90.11,'2025-03-23'),(182,'P111','A13',304.76,'Partially Paid','Bank Transfer',151.43,'2025-05-16'),(183,'P62','A195',282.23,'Outstanding','Cash',0.00,'2024-02-20'),(184,'P487','A384',325.10,'Partially Paid','Bank Transfer',107.50,'2024-10-23'),(185,'P271','A347',224.04,'Outstanding','Bank Transfer',0.00,'2023-06-26'),(186,'P329','A200',352.25,'Paid','Credit Card',352.25,'2023-09-15'),(187,'P49','A292',290.29,'Partially Paid','Bank Transfer',264.00,'2025-05-27'),(188,'P206','A428',476.18,'Outstanding','Insurance',0.00,'2023-12-18'),(189,'P63','A442',291.49,'Partially Paid','Credit Card',201.34,'2024-08-04'),(190,'P16','A462',297.31,'Paid','Bank Transfer',297.31,'2024-06-26'),(191,'P41','A181',346.06,'Paid','Cash',346.06,'2025-11-25'),(192,'P197','A24',344.13,'Outstanding','Insurance',0.00,'2023-09-11'),(193,'P212','A247',405.84,'Outstanding','Cash',0.00,'2025-12-04'),(194,'P409','A411',448.60,'Partially Paid','Bank Transfer',99.12,'2023-12-25'),(195,'P40','A179',362.01,'Paid','Credit Card',362.01,'2023-01-02'),(196,'P407','A218',462.56,'Outstanding','Credit Card',0.00,'2023-03-15'),(197,'P141','A429',209.22,'Partially Paid','Credit Card',125.79,'2024-03-30'),(198,'P460','A247',265.53,'Partially Paid','Bank Transfer',140.63,'2023-11-12'),(199,'P267','A294',330.46,'Outstanding','Cash',0.00,'2023-06-24'),(200,'P337','A63',105.30,'Partially Paid','Credit Card',73.45,'2023-05-20'),(201,'P20','A479',304.73,'Partially Paid','Bank Transfer',142.53,'2025-01-04'),(202,'P477','A433',137.38,'Outstanding','Credit Card',0.00,'2025-02-24'),(203,'P106','A447',345.06,'Outstanding','Bank Transfer',0.00,'2024-02-08'),(204,'P103','A137',164.12,'Paid','Bank Transfer',164.12,'2025-10-28'),(205,'P45','A413',158.05,'Partially Paid','Insurance',62.61,'2024-02-10'),(206,'P332','A317',263.95,'Outstanding','Credit Card',0.00,'2024-08-14'),(207,'P301','A447',425.34,'Outstanding','Insurance',0.00,'2025-04-14'),(208,'P129','A197',134.52,'Outstanding','Insurance',0.00,'2023-08-22'),(209,'P278','A275',429.67,'Partially Paid','Bank Transfer',358.49,'2023-01-14'),(210,'P294','A462',450.98,'Outstanding','Credit Card',0.00,'2025-03-14'),(211,'P300','A95',363.04,'Paid','Bank Transfer',363.04,'2024-08-23'),(212,'P215','A362',356.57,'Paid','Insurance',356.57,'2024-07-17'),(213,'P11','A145',155.23,'Paid','Credit Card',155.23,'2024-12-25'),(214,'P136','A42',359.61,'Outstanding','Insurance',0.00,'2025-05-21'),(215,'P24','A269',234.29,'Outstanding','Cash',0.00,'2025-07-20'),(216,'P120','A216',428.62,'Outstanding','Insurance',0.00,'2025-12-23'),(217,'P334','A292',354.21,'Outstanding','Cash',0.00,'2023-07-17'),(218,'P243','A439',376.70,'Partially Paid','Cash',315.34,'2024-01-14'),(219,'P406','A359',360.80,'Partially Paid','Credit Card',140.90,'2024-01-11'),(220,'P290','A22',414.68,'Partially Paid','Bank Transfer',150.87,'2025-05-07'),(221,'P101','A105',288.16,'Outstanding','Insurance',0.00,'2023-01-05'),(222,'P15','A343',472.23,'Paid','Bank Transfer',472.23,'2025-03-20'),(223,'P456','A154',495.99,'Paid','Bank Transfer',495.99,'2023-11-08'),(224,'P206','A497',495.26,'Paid','Bank Transfer',495.26,'2025-11-29'),(225,'P274','A177',117.62,'Outstanding','Credit Card',0.00,'2024-08-27'),(226,'P207','A135',269.89,'Paid','Cash',269.89,'2023-05-08'),(227,'P245','A189',317.63,'Partially Paid','Insurance',251.92,'2025-04-04'),(228,'P83','A273',218.02,'Partially Paid','Credit Card',125.82,'2025-01-31'),(229,'P404','A194',213.64,'Partially Paid','Cash',86.20,'2023-03-19'),(230,'P382','A497',474.78,'Outstanding','Credit Card',0.00,'2024-10-06'),(231,'P211','A260',329.23,'Partially Paid','Insurance',271.11,'2023-10-02'),(232,'P424','A280',336.40,'Paid','Bank Transfer',336.40,'2023-03-24'),(233,'P494','A17',292.20,'Outstanding','Credit Card',0.00,'2024-10-27'),(234,'P379','A420',378.92,'Partially Paid','Bank Transfer',344.12,'2024-01-12'),(235,'P462','A51',111.70,'Paid','Insurance',111.70,'2025-06-04'),(236,'P304','A199',333.54,'Paid','Bank Transfer',333.54,'2023-12-11'),(237,'P251','A64',165.44,'Outstanding','Credit Card',0.00,'2025-07-05'),(238,'P302','A137',373.36,'Partially Paid','Credit Card',231.61,'2024-09-14'),(239,'P230','A323',174.29,'Outstanding','Credit Card',0.00,'2025-06-03'),(240,'P24','A371',214.15,'Outstanding','Insurance',0.00,'2024-04-23'),(241,'P242','A15',236.72,'Outstanding','Cash',0.00,'2023-08-01'),(242,'P354','A131',322.08,'Paid','Cash',322.08,'2025-10-18'),(243,'P482','A202',424.94,'Outstanding','Insurance',0.00,'2024-04-20'),(244,'P416','A371',398.07,'Paid','Insurance',398.07,'2025-10-17'),(245,'P75','A346',335.13,'Outstanding','Cash',0.00,'2024-10-28'),(246,'P81','A313',314.47,'Partially Paid','Insurance',269.45,'2023-04-29'),(247,'P278','A292',313.37,'Paid','Insurance',313.37,'2025-06-12'),(248,'P341','A3',156.11,'Paid','Credit Card',156.11,'2024-03-14'),(249,'P399','A180',359.74,'Partially Paid','Cash',187.97,'2025-12-24'),(250,'P4','A417',308.09,'Partially Paid','Cash',75.35,'2024-10-10'),(251,'P169','A264',123.53,'Partially Paid','Bank Transfer',80.74,'2023-12-16'),(252,'P366','A456',347.06,'Outstanding','Credit Card',0.00,'2023-04-21'),(253,'P9','A3',258.06,'Paid','Insurance',258.06,'2024-03-13'),(254,'P278','A488',363.60,'Partially Paid','Insurance',158.39,'2024-02-27'),(255,'P406','A490',417.01,'Outstanding','Bank Transfer',0.00,'2023-07-07'),(256,'P193','A268',112.11,'Partially Paid','Insurance',89.16,'2023-12-30'),(257,'P459','A125',356.70,'Paid','Insurance',356.70,'2025-09-11'),(258,'P92','A289',374.37,'Partially Paid','Insurance',171.25,'2025-03-27'),(259,'P477','A236',209.02,'Paid','Credit Card',209.02,'2024-03-12'),(260,'P156','A144',305.24,'Paid','Bank Transfer',305.24,'2025-11-08'),(261,'P110','A123',166.80,'Paid','Cash',166.80,'2023-09-29'),(262,'P496','A392',145.77,'Partially Paid','Insurance',54.70,'2025-03-10'),(263,'P486','A293',260.84,'Outstanding','Credit Card',0.00,'2023-11-30'),(264,'P6','A215',215.34,'Outstanding','Credit Card',0.00,'2023-01-25'),(265,'P443','A481',239.41,'Paid','Cash',239.41,'2025-02-06'),(266,'P472','A439',396.66,'Paid','Bank Transfer',396.66,'2023-12-18'),(267,'P389','A400',144.13,'Paid','Cash',144.13,'2025-04-27'),(268,'P165','A380',478.84,'Partially Paid','Credit Card',275.48,'2025-03-04'),(269,'P74','A147',448.41,'Paid','Bank Transfer',448.41,'2023-01-31'),(270,'P454','A354',373.50,'Paid','Bank Transfer',373.50,'2025-04-16'),(271,'P95','A30',293.36,'Paid','Credit Card',293.36,'2024-04-25'),(272,'P367','A125',113.53,'Outstanding','Credit Card',0.00,'2023-09-19'),(273,'P351','A6',361.83,'Outstanding','Insurance',0.00,'2024-02-13'),(274,'P308','A483',224.49,'Outstanding','Cash',0.00,'2023-11-21'),(275,'P405','A383',461.51,'Partially Paid','Cash',191.56,'2023-06-21'),(276,'P378','A431',165.39,'Paid','Cash',165.39,'2025-03-07'),(277,'P347','A389',292.21,'Paid','Insurance',292.21,'2025-04-14'),(278,'P30','A295',221.81,'Partially Paid','Bank Transfer',73.38,'2024-04-15'),(279,'P74','A148',170.66,'Outstanding','Bank Transfer',0.00,'2024-01-16'),(280,'P110','A33',386.60,'Outstanding','Insurance',0.00,'2023-03-30'),(281,'P93','A92',463.34,'Paid','Insurance',463.34,'2023-10-08'),(282,'P429','A407',210.59,'Outstanding','Credit Card',0.00,'2024-04-22'),(283,'P152','A331',465.59,'Outstanding','Insurance',0.00,'2024-05-18'),(284,'P179','A137',244.15,'Outstanding','Bank Transfer',0.00,'2024-12-23'),(285,'P190','A412',366.67,'Paid','Credit Card',366.67,'2024-10-16'),(286,'P336','A370',150.01,'Outstanding','Cash',0.00,'2025-11-24'),(287,'P493','A354',249.85,'Partially Paid','Bank Transfer',131.26,'2023-12-30'),(288,'P399','A470',320.44,'Partially Paid','Insurance',299.77,'2025-04-11'),(289,'P250','A198',261.84,'Outstanding','Bank Transfer',0.00,'2025-08-23'),(290,'P434','A58',119.14,'Outstanding','Bank Transfer',0.00,'2025-11-06'),(291,'P174','A61',365.54,'Partially Paid','Bank Transfer',277.19,'2023-09-30'),(292,'P41','A119',300.92,'Outstanding','Cash',0.00,'2025-10-04'),(293,'P439','A326',103.67,'Outstanding','Cash',0.00,'2023-10-23'),(294,'P76','A153',370.78,'Outstanding','Credit Card',0.00,'2023-07-10'),(295,'P170','A232',430.83,'Partially Paid','Insurance',174.67,'2025-06-28'),(296,'P495','A462',489.79,'Partially Paid','Bank Transfer',231.02,'2025-10-28'),(297,'P374','A465',295.15,'Partially Paid','Bank Transfer',290.40,'2023-05-10'),(298,'P300','A159',380.29,'Outstanding','Cash',0.00,'2024-02-24'),(299,'P174','A237',144.38,'Partially Paid','Bank Transfer',117.25,'2025-03-28'),(300,'P163','A95',301.38,'Paid','Credit Card',301.38,'2024-05-12'),(301,'P426','A293',343.82,'Paid','Credit Card',343.82,'2023-03-07'),(302,'P44','A167',117.58,'Paid','Insurance',117.58,'2024-09-09'),(303,'P272','A451',404.67,'Partially Paid','Cash',310.87,'2024-07-08'),(304,'P470','A208',455.52,'Paid','Bank Transfer',455.52,'2024-01-27'),(305,'P107','A429',272.72,'Partially Paid','Credit Card',188.42,'2025-11-24'),(306,'P385','A497',440.27,'Partially Paid','Insurance',374.08,'2025-03-25'),(307,'P287','A426',315.31,'Paid','Insurance',315.31,'2024-08-08'),(308,'P198','A208',498.03,'Paid','Cash',498.03,'2023-02-28'),(309,'P275','A175',459.97,'Paid','Bank Transfer',459.97,'2025-08-19'),(310,'P41','A176',162.94,'Partially Paid','Bank Transfer',52.42,'2024-04-25'),(311,'P256','A94',376.93,'Paid','Insurance',376.93,'2023-11-29'),(312,'P298','A336',433.09,'Paid','Insurance',433.09,'2025-09-11'),(313,'P136','A410',197.52,'Paid','Cash',197.52,'2025-09-30'),(314,'P458','A491',356.96,'Outstanding','Bank Transfer',0.00,'2023-01-23'),(315,'P277','A374',100.78,'Paid','Bank Transfer',100.78,'2024-12-13'),(316,'P453','A411',248.08,'Outstanding','Credit Card',0.00,'2023-06-13'),(317,'P247','A97',214.60,'Outstanding','Cash',0.00,'2023-05-27'),(318,'P463','A124',248.79,'Outstanding','Credit Card',0.00,'2025-08-04'),(319,'P6','A185',225.18,'Paid','Cash',225.18,'2024-06-16'),(320,'P290','A487',353.12,'Partially Paid','Cash',257.96,'2025-06-01'),(321,'P293','A33',247.56,'Outstanding','Insurance',0.00,'2023-04-10'),(322,'P239','A238',356.88,'Partially Paid','Bank Transfer',125.95,'2025-11-27'),(323,'P226','A298',188.42,'Outstanding','Credit Card',0.00,'2024-03-18'),(324,'P475','A87',481.64,'Outstanding','Insurance',0.00,'2025-01-02'),(325,'P147','A430',193.84,'Outstanding','Insurance',0.00,'2024-04-03'),(326,'P116','A75',477.10,'Partially Paid','Bank Transfer',390.61,'2024-11-05'),(327,'P492','A186',220.58,'Paid','Credit Card',220.58,'2025-06-24'),(328,'P451','A275',494.22,'Partially Paid','Insurance',57.50,'2025-10-26'),(329,'P85','A183',314.44,'Partially Paid','Credit Card',162.48,'2025-04-24'),(330,'P131','A254',446.98,'Partially Paid','Cash',205.71,'2025-10-25'),(331,'P316','A495',211.43,'Partially Paid','Bank Transfer',190.43,'2024-11-08'),(332,'P304','A446',148.37,'Paid','Insurance',148.37,'2025-11-20'),(333,'P49','A138',328.59,'Paid','Cash',328.59,'2023-02-02'),(334,'P369','A102',238.74,'Partially Paid','Cash',209.38,'2023-05-28'),(335,'P178','A135',407.65,'Outstanding','Insurance',0.00,'2024-02-15'),(336,'P52','A437',202.15,'Outstanding','Bank Transfer',0.00,'2024-10-20'),(337,'P103','A372',351.47,'Paid','Bank Transfer',351.47,'2023-04-12'),(338,'P329','A372',237.57,'Paid','Credit Card',237.57,'2023-10-28'),(339,'P276','A251',227.98,'Outstanding','Insurance',0.00,'2024-01-02'),(340,'P83','A410',145.92,'Outstanding','Credit Card',0.00,'2024-05-25'),(341,'P170','A386',255.31,'Outstanding','Insurance',0.00,'2024-07-21'),(342,'P225','A77',455.64,'Partially Paid','Cash',432.81,'2023-06-30'),(343,'P131','A475',481.82,'Partially Paid','Insurance',424.04,'2024-02-01'),(344,'P434','A152',431.53,'Paid','Insurance',431.53,'2025-05-22'),(345,'P161','A84',355.65,'Paid','Credit Card',355.65,'2024-07-09'),(346,'P390','A429',193.90,'Outstanding','Insurance',0.00,'2025-11-12'),(347,'P448','A423',293.57,'Outstanding','Insurance',0.00,'2023-04-21'),(348,'P405','A228',154.73,'Outstanding','Bank Transfer',0.00,'2023-07-18'),(349,'P493','A331',483.78,'Outstanding','Bank Transfer',0.00,'2023-04-29'),(350,'P5','A141',482.35,'Outstanding','Insurance',0.00,'2023-07-22'),(351,'P456','A30',403.30,'Paid','Bank Transfer',403.30,'2023-08-05'),(352,'P446','A156',239.48,'Outstanding','Bank Transfer',0.00,'2024-05-23'),(353,'P363','A403',464.41,'Paid','Insurance',464.41,'2024-04-27'),(354,'P470','A464',221.56,'Paid','Cash',221.56,'2024-11-22'),(355,'P485','A395',361.51,'Outstanding','Bank Transfer',0.00,'2025-01-16'),(356,'P18','A220',443.67,'Partially Paid','Cash',438.29,'2023-07-12'),(357,'P466','A292',125.33,'Partially Paid','Cash',92.72,'2025-10-10'),(358,'P287','A393',423.84,'Partially Paid','Credit Card',272.33,'2025-01-29'),(359,'P433','A404',379.70,'Paid','Credit Card',379.70,'2024-11-28'),(360,'P85','A267',417.82,'Outstanding','Cash',0.00,'2025-03-03'),(361,'P432','A279',498.81,'Partially Paid','Cash',362.92,'2023-01-10'),(362,'P458','A320',361.11,'Outstanding','Insurance',0.00,'2025-06-11'),(363,'P58','A292',133.22,'Outstanding','Insurance',0.00,'2023-04-12'),(364,'P171','A41',154.05,'Outstanding','Cash',0.00,'2025-11-08'),(365,'P414','A486',219.68,'Outstanding','Bank Transfer',0.00,'2025-10-29'),(366,'P287','A387',326.38,'Partially Paid','Credit Card',81.87,'2023-09-11'),(367,'P279','A350',114.13,'Outstanding','Credit Card',0.00,'2023-02-06'),(368,'P185','A391',480.14,'Paid','Bank Transfer',480.14,'2023-10-31'),(369,'P403','A385',459.18,'Partially Paid','Credit Card',204.25,'2025-08-03'),(370,'P337','A478',463.28,'Partially Paid','Insurance',172.82,'2024-09-28'),(371,'P174','A247',275.10,'Paid','Insurance',275.10,'2025-01-04'),(372,'P49','A60',132.01,'Paid','Cash',132.01,'2023-05-01'),(373,'P63','A341',155.77,'Paid','Credit Card',155.77,'2024-10-03'),(374,'P143','A143',133.55,'Paid','Bank Transfer',133.55,'2023-01-26'),(375,'P108','A113',284.07,'Outstanding','Cash',0.00,'2025-01-04'),(376,'P335','A130',232.24,'Paid','Cash',232.24,'2024-04-29'),(377,'P333','A183',325.09,'Outstanding','Cash',0.00,'2025-12-06'),(378,'P155','A93',448.14,'Outstanding','Credit Card',0.00,'2024-06-12'),(379,'P245','A115',273.18,'Paid','Cash',273.18,'2024-05-16'),(380,'P497','A332',498.66,'Partially Paid','Cash',394.92,'2025-02-07'),(381,'P251','A34',238.77,'Partially Paid','Bank Transfer',64.26,'2023-01-31'),(382,'P420','A399',266.32,'Outstanding','Cash',0.00,'2024-08-21'),(383,'P12','A333',104.08,'Paid','Credit Card',104.08,'2024-02-11'),(384,'P395','A148',358.25,'Paid','Bank Transfer',358.25,'2024-12-06'),(385,'P62','A148',466.78,'Outstanding','Credit Card',0.00,'2024-01-16'),(386,'P368','A325',441.11,'Outstanding','Insurance',0.00,'2023-01-09'),(387,'P443','A156',171.39,'Partially Paid','Insurance',152.54,'2025-04-23'),(388,'P447','A77',489.73,'Partially Paid','Cash',158.15,'2024-06-06'),(389,'P263','A476',404.80,'Outstanding','Insurance',0.00,'2023-09-08'),(390,'P7','A129',477.21,'Paid','Cash',477.21,'2025-10-08'),(391,'P380','A176',448.31,'Paid','Insurance',448.31,'2023-03-19'),(392,'P111','A74',155.77,'Partially Paid','Cash',101.46,'2023-10-24'),(393,'P363','A456',163.66,'Partially Paid','Cash',52.22,'2025-06-23'),(394,'P85','A270',384.69,'Partially Paid','Insurance',158.08,'2023-01-13'),(395,'P361','A326',323.04,'Outstanding','Insurance',0.00,'2023-07-19'),(396,'P49','A103',341.05,'Partially Paid','Credit Card',237.27,'2025-09-21'),(397,'P162','A392',446.43,'Outstanding','Cash',0.00,'2025-06-16'),(398,'P97','A440',139.43,'Partially Paid','Credit Card',110.75,'2023-02-06'),(399,'P185','A452',127.67,'Outstanding','Bank Transfer',0.00,'2024-08-06'),(400,'P303','A20',166.18,'Partially Paid','Credit Card',142.17,'2023-01-19'),(401,'P20','A381',222.93,'Paid','Bank Transfer',222.93,'2025-12-10'),(402,'P392','A162',343.10,'Outstanding','Cash',0.00,'2023-03-01'),(403,'P205','A4',204.39,'Outstanding','Insurance',0.00,'2023-08-05'),(404,'P12','A391',383.80,'Paid','Bank Transfer',383.80,'2023-09-19'),(405,'P448','A105',325.54,'Partially Paid','Insurance',107.61,'2025-09-05'),(406,'P369','A201',187.29,'Outstanding','Insurance',0.00,'2024-04-02'),(407,'P236','A447',171.11,'Partially Paid','Credit Card',155.54,'2023-06-11'),(408,'P79','A167',233.93,'Outstanding','Bank Transfer',0.00,'2024-06-07'),(409,'P200','A120',327.12,'Outstanding','Cash',0.00,'2024-04-19'),(410,'P457','A118',474.81,'Partially Paid','Insurance',151.00,'2025-01-26'),(411,'P267','A118',230.18,'Paid','Insurance',230.18,'2023-10-04'),(412,'P266','A392',128.28,'Partially Paid','Cash',82.77,'2025-04-19'),(413,'P156','A76',275.68,'Outstanding','Insurance',0.00,'2025-04-10'),(414,'P164','A355',442.61,'Paid','Credit Card',442.61,'2024-12-05'),(415,'P294','A314',257.24,'Partially Paid','Cash',100.70,'2023-03-11'),(416,'P475','A226',346.85,'Paid','Insurance',346.85,'2025-08-12'),(417,'P376','A164',449.61,'Outstanding','Insurance',0.00,'2023-02-06'),(418,'P63','A222',156.60,'Outstanding','Insurance',0.00,'2024-02-21'),(419,'P287','A2',417.89,'Outstanding','Insurance',0.00,'2023-05-23'),(420,'P49','A59',435.62,'Outstanding','Insurance',0.00,'2024-01-11'),(421,'P42','A214',291.75,'Partially Paid','Bank Transfer',123.01,'2023-10-31'),(422,'P329','A346',309.60,'Partially Paid','Cash',233.99,'2024-05-05'),(423,'P316','A259',232.90,'Partially Paid','Cash',161.40,'2024-05-21'),(424,'P125','A425',250.98,'Paid','Bank Transfer',250.98,'2024-03-08'),(425,'P492','A96',111.94,'Outstanding','Bank Transfer',0.00,'2024-02-29'),(426,'P327','A366',330.78,'Paid','Insurance',330.78,'2024-02-14'),(427,'P367','A307',226.57,'Outstanding','Cash',0.00,'2024-11-07'),(428,'P364','A121',431.15,'Partially Paid','Insurance',266.65,'2025-01-27'),(429,'P388','A463',171.51,'Partially Paid','Credit Card',119.99,'2025-12-31'),(430,'P320','A372',218.52,'Paid','Bank Transfer',218.52,'2024-02-08'),(431,'P153','A78',349.65,'Partially Paid','Credit Card',180.15,'2024-11-05'),(432,'P499','A469',316.65,'Partially Paid','Credit Card',269.16,'2023-11-19'),(433,'P205','A386',339.02,'Paid','Bank Transfer',339.02,'2024-05-03'),(434,'P94','A24',426.22,'Partially Paid','Cash',132.80,'2023-02-22'),(435,'P223','A55',368.19,'Outstanding','Cash',0.00,'2023-01-12'),(436,'P140','A142',165.96,'Partially Paid','Cash',139.04,'2025-07-25'),(437,'P30','A465',442.18,'Paid','Cash',442.18,'2025-04-10'),(438,'P140','A403',480.41,'Outstanding','Credit Card',0.00,'2025-05-21'),(439,'P467','A234',166.95,'Partially Paid','Bank Transfer',51.26,'2023-11-13'),(440,'P346','A181',196.55,'Paid','Insurance',196.55,'2025-01-07'),(441,'P414','A81',470.47,'Paid','Insurance',470.47,'2023-11-02'),(442,'P78','A238',474.18,'Partially Paid','Insurance',384.85,'2023-01-31'),(443,'P130','A239',214.09,'Outstanding','Bank Transfer',0.00,'2024-03-16'),(444,'P350','A40',273.38,'Outstanding','Credit Card',0.00,'2025-03-17'),(445,'P293','A149',119.06,'Partially Paid','Credit Card',80.98,'2023-03-27'),(446,'P395','A230',433.49,'Partially Paid','Bank Transfer',281.53,'2025-10-23'),(447,'P457','A85',152.88,'Partially Paid','Bank Transfer',108.47,'2025-12-10'),(448,'P108','A167',286.77,'Partially Paid','Insurance',242.90,'2023-08-01'),(449,'P350','A163',411.91,'Outstanding','Insurance',0.00,'2023-09-15'),(450,'P441','A336',383.25,'Partially Paid','Insurance',119.64,'2024-10-18'),(451,'P85','A341',466.75,'Outstanding','Insurance',0.00,'2025-02-18'),(452,'P260','A482',253.67,'Outstanding','Bank Transfer',0.00,'2025-11-22'),(453,'P239','A91',420.74,'Partially Paid','Credit Card',257.09,'2025-08-13'),(454,'P488','A199',281.67,'Partially Paid','Insurance',171.22,'2023-10-15'),(455,'P355','A439',234.43,'Outstanding','Insurance',0.00,'2025-03-14'),(456,'P160','A403',410.85,'Partially Paid','Insurance',178.55,'2023-09-06'),(457,'P403','A278',171.24,'Partially Paid','Credit Card',140.92,'2023-02-14'),(458,'P93','A162',486.94,'Outstanding','Cash',0.00,'2024-04-18'),(459,'P404','A344',148.48,'Outstanding','Insurance',0.00,'2025-01-04'),(460,'P384','A64',269.69,'Outstanding','Insurance',0.00,'2025-06-05'),(461,'P45','A79',148.74,'Outstanding','Cash',0.00,'2024-10-07'),(462,'P458','A329',217.64,'Outstanding','Credit Card',0.00,'2023-02-16'),(463,'P69','A160',408.42,'Outstanding','Bank Transfer',0.00,'2025-03-23'),(464,'P343','A236',430.48,'Partially Paid','Bank Transfer',109.74,'2025-04-16'),(465,'P260','A404',212.44,'Paid','Credit Card',212.44,'2023-04-15'),(466,'P367','A190',280.93,'Outstanding','Cash',0.00,'2023-12-08'),(467,'P195','A77',315.88,'Partially Paid','Bank Transfer',173.11,'2025-06-21'),(468,'P482','A447',398.16,'Partially Paid','Bank Transfer',259.34,'2024-01-04'),(469,'P36','A116',294.80,'Partially Paid','Bank Transfer',183.77,'2023-09-15'),(470,'P294','A54',215.14,'Partially Paid','Credit Card',107.82,'2024-10-23'),(471,'P80','A134',164.36,'Partially Paid','Insurance',156.36,'2025-11-24'),(472,'P414','A80',226.01,'Paid','Insurance',226.01,'2025-09-08'),(473,'P3','A137',321.88,'Outstanding','Credit Card',0.00,'2023-04-14'),(474,'P461','A221',230.24,'Paid','Cash',230.24,'2024-09-23'),(475,'P436','A246',393.91,'Paid','Bank Transfer',393.91,'2023-01-22'),(476,'P21','A13',497.08,'Partially Paid','Insurance',50.20,'2025-04-22'),(477,'P387','A128',454.32,'Outstanding','Cash',0.00,'2024-04-12'),(478,'P485','A471',391.63,'Outstanding','Cash',0.00,'2025-06-05'),(479,'P170','A237',307.41,'Partially Paid','Credit Card',153.46,'2024-05-27'),(480,'P272','A166',493.61,'Paid','Credit Card',493.61,'2024-04-23'),(481,'P343','A285',420.71,'Outstanding','Insurance',0.00,'2025-06-08'),(482,'P151','A342',460.02,'Outstanding','Bank Transfer',0.00,'2023-07-27'),(483,'P151','A92',130.48,'Outstanding','Credit Card',0.00,'2025-06-30'),(484,'P69','A462',203.31,'Outstanding','Bank Transfer',0.00,'2025-08-08'),(485,'P436','A362',407.49,'Outstanding','Cash',0.00,'2023-12-19'),(486,'P268','A61',168.59,'Partially Paid','Bank Transfer',144.16,'2024-01-24'),(487,'P75','A272',476.93,'Paid','Cash',476.93,'2023-03-29'),(488,'P434','A95',199.06,'Outstanding','Cash',0.00,'2024-06-20'),(489,'P247','A204',143.90,'Outstanding','Bank Transfer',0.00,'2024-10-13'),(490,'P421','A265',103.83,'Paid','Cash',103.83,'2023-08-29'),(491,'P288','A464',220.40,'Partially Paid','Bank Transfer',180.38,'2025-02-25'),(492,'P160','A404',459.92,'Partially Paid','Insurance',188.21,'2023-10-22'),(493,'P151','A40',159.52,'Partially Paid','Credit Card',96.79,'2023-07-08'),(494,'P16','A382',388.44,'Paid','Bank Transfer',388.44,'2024-05-10'),(495,'P190','A168',312.38,'Paid','Bank Transfer',312.38,'2024-10-30'),(496,'P27','A129',251.12,'Paid','Insurance',251.12,'2025-03-23'),(497,'P29','A123',168.48,'Outstanding','Cash',0.00,'2024-11-04'),(498,'P442','A110',487.74,'Paid','Bank Transfer',487.74,'2024-08-19'),(499,'P303','A177',428.81,'Outstanding','Cash',0.00,'2024-01-13'),(500,'P262','A168',356.23,'Outstanding','Credit Card',0.00,'2023-03-12');
/*!40000 ALTER TABLE `billing` ENABLE KEYS */;
UNLOCK TABLES;

--
-- Table structure for table `consultationhistory`
--

DROP TABLE IF EXISTS `consultationhistory`;
/*!40101 SET @saved_cs_client     = @@character_set_client */;
/*!50503 SET character_set_client = utf8mb4 */;
CREATE TABLE `consultationhistory` (
  `history_id` varchar(20) NOT NULL,
  `patient_id` varchar(10) DEFAULT NULL,
  `doctor_id` varchar(10) DEFAULT NULL,
  `consultation_date` date DEFAULT NULL,
  `consultation_notes` text DEFAULT NULL,
  PRIMARY KEY (`history_id`),
  KEY `patient_id` (`patient_id`),
  KEY `doctor_id` (`doctor_id`),
  CONSTRAINT `consultationhistory_ibfk_1` FOREIGN KEY (`patient_id`) REFERENCES `patients` (`patient_id`),
  CONSTRAINT `consultationhistory_ibfk_2` FOREIGN KEY (`doctor_id`) REFERENCES `doctors` (`doctor_id`)
) ENGINE=InnoDB DEFAULT CHARSET=utf8mb4 COLLATE=utf8mb4_general_ci;
/*!40101 SET character_set_client = @saved_cs_client */;

--
-- Dumping data for table `consultationhistory`
--

LOCK TABLES `consultationhistory` WRITE;
/*!40000 ALTER TABLE `consultationhistory` DISABLE KEYS */;
INSERT INTO `consultationhistory` VALUES ('H1','P352','D322','2026-12-17','Consultation for swollen glands. Recommended further investigation.'),('H10','P65','D294','2026-02-23','Consultation for food poisoning. Advised hydration therapy.'),('H100','P189','D15','2026-01-15','Consultation for TMJ pain. Suggested jaw relaxation exercises.'),('H101','P262','D486','2024-03-19','Consultation for hair loss. Recommended blood tests for deficiencies.'),('H102','P401','D64','2026-03-07','Consultation for frequent migraines. Adjusted medication.'),('H103','P344','D64','2025-06-05','Consultation for sprained ankle. Advised rest and ice therapy.'),('H104','P470','D402','2026-05-15','Consultation for digestive discomfort. Advised probiotic intake.'),('H105','P25','D245','2025-03-23','Consultation for anxiety. Suggested relaxation techniques.'),('H106','P53','D76','2026-03-22','Consultation for numbness in fingers. Ordered nerve conduction study.'),('H107','P217','D463','2026-10-21','Consultation for digestive discomfort. Advised probiotic intake.'),('H108','P448','D455','2025-03-23','Consultation for vitamin deficiency. Suggested supplementation.'),('H109','P163','D160','2024-02-08','Consultation for tendonitis. Recommended rest and anti-inflammatory treatment.'),('H11','P219','D214','2025-10-09','Consultation for muscle weakness. Ordered neurological evaluation.'),('H110','P214','D152','2024-12-19','Consultation for knee pain. Ordered MRI scan.'),('H111','P434','D267','2026-02-24','Consultation for snoring. Suggested sleep apnea screening.'),('H112','P485','D263','2024-02-15','Consultation for chronic headaches. Suggested MRI scan.'),('H113','P158','D190','2026-11-01','Consultation for sprained ankle. Advised rest and ice therapy.'),('H114','P472','D233','2026-08-15','Consultation for food poisoning. Advised hydration therapy.'),('H115','P463','D185','2024-10-17','Consultation for dizziness. Ordered blood pressure monitoring.'),('H116','P143','D26','2025-09-10','Consultation for wrist pain. Suspected carpal tunnel syndrome.'),('H117','P398','D239','2026-07-07','Consultation for osteoporosis. Suggested calcium supplements.'),('H118','P384','D345','2024-12-28','Consultation for asthma. Increased inhaler dosage.'),('H119','P354','D432','2024-05-19','Consultation for sinus infection. Prescribed antibiotics.'),('H12','P31','D169','2026-10-09','Consultation for persistent cough. Suggested chest X-ray.'),('H120','P103','D404','2024-12-20','Consultation for chronic pain. Recommended pain management plan.'),('H121','P182','D87','2024-02-07','Consultation for joint stiffness. Recommended warm compress therapy.'),('H122','P330','D240','2025-01-21','Consultation for chest congestion. Prescribed expectorant.'),('H123','P147','D39','2024-03-26','Consultation for ear pain. Diagnosed ear infection.'),('H124','P108','D330','2024-09-02','Consultation for back pain. Referred to physical therapy.'),('H125','P341','D179','2024-08-27','Consultation for hair loss. Recommended blood tests for deficiencies.'),('H126','P161','D33','2026-12-23','Consultation for tendonitis. Recommended rest and anti-inflammatory treatment.'),('H127','P314','D225','2024-04-14','Consultation for fever. Prescribed paracetamol.'),('H128','P77','D374','2025-12-24','Consultation for skin irritation. Recommended hypoallergenic lotion.'),('H129','P380','D411','2025-02-26','Consultation for anxiety. Suggested relaxation techniques.'),('H13','P262','D36','2024-04-22','Consultation for food poisoning. Advised hydration therapy.'),('H130','P165','D269','2025-11-01','Consultation for hypertension. Adjusted medication.'),('H131','P460','D243','2024-10-16','Consultation for frequent migraines. Adjusted medication.'),('H132','P47','D261','2024-03-24','Consultation for menopause symptoms. Prescribed hormone therapy.'),('H133','P359','D179','2024-10-30','Consultation for anemia. Prescribed iron supplements.'),('H134','P263','D361','2025-07-18','Consultation for frequent colds. Recommended immune boosters.'),('H135','P374','D19','2026-02-27','Consultation for fever. Prescribed paracetamol.'),('H136','P337','D258','2025-12-10','Consultation for sudden weight loss. Ordered blood tests.'),('H137','P408','D494','2026-04-03','Consultation for sinus infection. Prescribed antibiotics.'),('H138','P391','D428','2024-07-30','Consultation for sprained ankle. Advised rest and ice therapy.'),('H139','P106','D70','2026-02-23','Consultation for sprained ankle. Advised rest and ice therapy.'),('H14','P6','D118','2025-03-01','Consultation for postural instability. Suggested balance training.'),('H140','P73','D244','2026-01-25','Consultation for foot pain. Recommended orthotic support.'),('H141','P193','D458','2026-07-09','Consultation for post-surgery recovery. Advised physiotherapy.'),('H142','P419','D441','2026-07-19','Consultation for vision issues. Referred to ophthalmologist.'),('H143','P46','D143','2026-03-16','Consultation for high blood sugar. Adjusted insulin dosage.'),('H144','P319','D359','2024-06-21','Consultation for chest congestion. Prescribed expectorant.'),('H145','P159','D117','2026-06-20','Consultation for snoring. Suggested sleep apnea screening.'),('H146','P486','D403','2026-11-04','Consultation for back pain. Referred to physical therapy.'),('H147','P258','D299','2024-07-18','Consultation for osteoporosis. Suggested calcium supplements.'),('H148','P193','D185','2026-02-02','Consultation for high cholesterol. Adjusted diet plan.'),('H149','P157','D350','2026-12-04','Consultation for swollen glands. Recommended further investigation.'),('H15','P151','D7','2025-12-30','Consultation for sleep disturbances. Ordered sleep study.'),('H150','P61','D342','2026-11-25','Consultation for sudden weight loss. Ordered blood tests.'),('H151','P436','D331','2025-08-23','Consultation for swollen glands. Recommended further investigation.'),('H152','P331','D371','2025-09-13','Consultation for neck pain. Suggested ergonomic adjustments.'),('H153','P416','D452','2024-08-28','Consultation for hair loss. Recommended blood tests for deficiencies.'),('H154','P347','D439','2025-07-04','Consultation for numbness in fingers. Ordered nerve conduction study.'),('H155','P433','D380','2025-07-14','Consultation for sprained ankle. Advised rest and ice therapy.'),('H156','P220','D163','2026-08-10','Consultation for chronic pain. Recommended pain management plan.'),('H157','P6','D361','2024-10-28','Consultation for acid reflux. Suggested dietary modifications.'),('H158','P73','D95','2024-09-04','Consultation for chronic pain. Recommended pain management plan.'),('H159','P369','D340','2026-05-08','Consultation for menopause symptoms. Prescribed hormone therapy.'),('H16','P62','D58','2024-10-20','Consultation for food poisoning. Advised hydration therapy.'),('H160','P114','D327','2024-10-04','Consultation for chronic pain. Recommended pain management plan.'),('H161','P215','D461','2026-01-15','Consultation for food poisoning. Advised hydration therapy.'),('H162','P268','D257','2024-10-13','Consultation for sudden weight loss. Ordered blood tests.'),('H163','P88','D364','2026-11-06','Consultation for sunburn. Suggested aloe vera treatment.'),('H164','P495','D24','2024-10-06','Consultation for frequent dizziness. Ordered balance assessment.'),('H165','P26','D435','2024-08-17','Consultation for respiratory infection. Prescribed antibiotics.'),('H166','P430','D184','2026-01-25','Consultation for high fever. Prescribed antipyretics.'),('H167','P455','D241','2026-02-12','Consultation for osteoporosis. Suggested calcium supplements.'),('H168','P196','D322','2025-07-31','Consultation for memory loss. Referred for cognitive testing.'),('H169','P58','D500','2024-03-07','Consultation for chronic indigestion. Suggested dietary modifications.'),('H17','P424','D473','2024-07-29','Consultation for excessive sweating. Suggested dermatology consultation.'),('H170','P253','D70','2025-08-20','Consultation for chronic cough. Suggested pulmonary function test.'),('H171','P10','D325','2024-05-12','Consultation for hair loss. Recommended blood tests for deficiencies.'),('H172','P24','D49','2026-12-29','Consultation for high cholesterol. Adjusted diet plan.'),('H173','P474','D400','2024-06-15','Consultation for asthma. Increased inhaler dosage.'),('H174','P417','D211','2025-01-09','Consultation for depression. Referred to psychiatrist.'),('H175','P243','D62','2025-11-21','Consultation for vitamin deficiency. Suggested supplementation.'),('H176','P463','D446','2024-10-22','Consultation for frequent colds. Recommended immune boosters.'),('H177','P77','D340','2026-11-11','Consultation for lactose intolerance. Recommended dairy alternatives.'),('H178','P329','D366','2024-09-17','Consultation for vision issues. Referred to ophthalmologist.'),('H179','P396','D268','2024-09-12','Consultation for constipation. Prescribed fiber supplements.'),('H18','P192','D178','2024-10-19','Consultation for kidney stones. Recommended hydration.'),('H180','P233','D422','2025-03-17','Consultation for chest congestion. Prescribed expectorant.'),('H181','P310','D473','2024-07-08','Consultation for chest congestion. Prescribed expectorant.'),('H182','P424','D341','2024-07-15','Consultation for chronic pain. Recommended pain management plan.'),('H183','P114','D319','2024-04-10','Consultation for vitamin deficiency. Suggested supplementation.'),('H184','P304','D163','2024-02-27','Consultation for acid reflux. Suggested dietary modifications.'),('H185','P196','D463','2025-12-23','Consultation for muscle weakness. Ordered neurological evaluation.'),('H186','P339','D29','2024-05-23','Consultation for digestive discomfort. Advised probiotic intake.'),('H187','P18','D106','2024-09-06','Consultation for sleep disturbances. Ordered sleep study.'),('H188','P12','D466','2025-01-15','Consultation for athletes foot. Suggested antifungal treatment.'),('H189','P129','D226','2025-11-04','Consultation for chronic pain. Recommended pain management plan.'),('H19','P403','D484','2024-07-04','Consultation for joint stiffness. Recommended warm compress therapy.'),('H190','P325','D217','2025-05-09','Consultation for fever. Prescribed paracetamol.'),('H191','P498','D360','2024-06-09','Consultation for respiratory infection. Prescribed antibiotics.'),('H192','P153','D424','2025-09-04','Consultation for athletes foot. Suggested antifungal treatment.'),('H193','P80','D293','2024-04-29','Consultation for joint stiffness. Recommended warm compress therapy.'),('H194','P313','D469','2025-06-20','Consultation for memory loss. Referred for cognitive testing.'),('H195','P303','D275','2024-06-05','Consultation for knee pain. Ordered MRI scan.'),('H196','P441','D82','2024-05-09','Consultation for eczema. Prescribed steroid cream.'),('H197','P122','D458','2025-09-17','Consultation for osteoporosis. Suggested calcium supplements.'),('H198','P467','D208','2024-02-12','Consultation for depression. Referred to psychiatrist.'),('H199','P229','D279','2024-07-28','Consultation for chronic indigestion. Suggested dietary modifications.'),('H2','P382','D354','2025-09-09','Consultation for muscle weakness. Ordered neurological evaluation.'),('H20','P59','D172','2025-08-22','Consultation for persistent cough. Suggested chest X-ray.'),('H200','P436','D364','2025-01-06','Consultation for back pain. Referred to physical therapy.'),('H201','P143','D117','2024-12-31','Consultation for sprained ankle. Advised rest and ice therapy.'),('H202','P184','D152','2024-11-21','Consultation for fatigue. Recommended lifestyle changes.'),('H203','P355','D468','2026-12-18','Consultation for memory loss. Referred for cognitive testing.'),('H204','P456','D431','2025-04-09','Consultation for anemia. Prescribed iron supplements.'),('H205','P468','D81','2026-06-22','Consultation for food poisoning. Advised hydration therapy.'),('H206','P438','D200','2026-06-11','Consultation for fever. Prescribed paracetamol.'),('H207','P490','D53','2026-02-28','Consultation for joint stiffness. Recommended warm compress therapy.'),('H208','P184','D269','2026-03-07','Consultation for respiratory infection. Prescribed antibiotics.'),('H209','P208','D386','2026-12-29','Consultation for back pain. Referred to physical therapy.'),('H21','P236','D96','2025-08-13','Consultation for food poisoning. Advised hydration therapy.'),('H210','P490','D135','2024-10-13','Consultation for chronic cough. Suggested pulmonary function test.'),('H211','P486','D18','2026-03-03','Consultation for frequent migraines. Adjusted medication.'),('H212','P259','D206','2026-01-05','Consultation for memory loss. Referred for cognitive testing.'),('H213','P46','D295','2026-04-08','Consultation for anemia. Prescribed iron supplements.'),('H214','P115','D271','2025-02-19','Consultation for high cholesterol. Adjusted diet plan.'),('H215','P366','D487','2025-08-18','Consultation for chronic headaches. Suggested MRI scan.'),('H216','P202','D42','2025-06-07','Consultation for sudden weight loss. Ordered blood tests.'),('H217','P489','D203','2026-11-14','Consultation for weight gain. Recommended nutritional counseling.'),('H218','P374','D240','2025-10-21','Consultation for palpitations. Ordered ECG test.'),('H219','P482','D434','2026-11-20','Consultation for insomnia. Recommended sleep hygiene practices.'),('H22','P38','D316','2024-05-06','Consultation for frequent migraines. Adjusted medication.'),('H220','P123','D55','2025-11-14','Consultation for neck pain. Suggested ergonomic adjustments.'),('H221','P117','D475','2024-11-21','Consultation for depression. Referred to psychiatrist.'),('H222','P5','D384','2024-08-25','Consultation for panic attacks. Suggested behavioral therapy.'),('H223','P241','D424','2026-11-18','Consultation for chronic fatigue. Recommended sleep study.'),('H224','P269','D197','2024-11-10','Consultation for anemia. Prescribed iron supplements.'),('H225','P152','D400','2026-10-09','Consultation for constipation. Prescribed fiber supplements.'),('H226','P373','D367','2024-03-16','Consultation for post-surgery recovery. Advised physiotherapy.'),('H227','P124','D114','2025-04-08','Consultation for blurred vision. Advised diabetic eye screening.'),('H228','P463','D292','2025-08-31','Consultation for weight gain. Recommended nutritional counseling.'),('H229','P169','D433','2026-07-29','Consultation for joint stiffness. Recommended warm compress therapy.'),('H23','P280','D365','2024-05-16','Consultation for high blood sugar. Adjusted insulin dosage.'),('H230','P336','D328','2026-03-09','Consultation for frequent migraines. Adjusted medication.'),('H231','P490','D30','2026-02-19','Consultation for foot pain. Recommended orthotic support.'),('H232','P334','D270','2026-05-09','Consultation for kidney stones. Recommended hydration.'),('H233','P9','D327','2024-08-29','Consultation for neck pain. Suggested ergonomic adjustments.'),('H234','P433','D129','2025-11-04','Consultation for digestive discomfort. Advised probiotic intake.'),('H235','P32','D337','2024-10-04','Consultation for memory loss. Referred for cognitive testing.'),('H236','P469','D71','2025-01-12','Consultation for high cholesterol. Adjusted diet plan.'),('H237','P227','D83','2024-08-19','Consultation for hypertension. Adjusted medication.'),('H238','P199','D176','2025-09-02','Consultation for digestive discomfort. Advised probiotic intake.'),('H239','P192','D132','2025-03-11','Consultation for sleep disturbances. Ordered sleep study.'),('H24','P13','D224','2026-02-23','Consultation for sleep disturbances. Ordered sleep study.'),('H240','P387','D498','2025-02-13','Consultation for post-surgery recovery. Advised physiotherapy.'),('H241','P353','D386','2026-01-23','Consultation for knee pain. Ordered MRI scan.'),('H242','P157','D211','2025-04-25','Consultation for TMJ pain. Suggested jaw relaxation exercises.'),('H243','P332','D481','2024-09-30','Consultation for athletes foot. Suggested antifungal treatment.'),('H244','P382','D281','2025-11-17','Consultation for high cholesterol. Adjusted diet plan.'),('H245','P277','D459','2026-01-24','Consultation for weight gain despite diet. Suggested endocrinology consultation.'),('H246','P465','D42','2026-08-17','Consultation for snoring. Suggested sleep apnea screening.'),('H247','P186','D183','2026-03-16','Consultation for dizziness. Ordered blood pressure monitoring.'),('H248','P489','D348','2025-02-05','Consultation for frequent nosebleeds. Recommended ENT evaluation.'),('H249','P232','D44','2026-03-29','Consultation for digestive discomfort. Advised probiotic intake.'),('H25','P158','D483','2026-04-07','Consultation for vision issues. Referred to ophthalmologist.'),('H250','P189','D221','2024-12-26','Consultation for chronic nausea. Prescribed anti-nausea medication.'),('H251','P184','D174','2026-04-14','Consultation for vitamin deficiency. Suggested supplementation.'),('H252','P32','D470','2025-06-09','Consultation for fatigue. Recommended lifestyle changes.'),('H253','P172','D299','2025-04-11','Consultation for chest congestion. Prescribed expectorant.'),('H254','P367','D449','2025-08-04','Consultation for stomach ulcers. Prescribed proton pump inhibitors.'),('H255','P125','D361','2024-10-05','Consultation for neck pain. Suggested ergonomic adjustments.'),('H256','P391','D374','2026-05-04','Consultation for digestive discomfort. Advised probiotic intake.'),('H257','P124','D200','2026-07-06','Consultation for panic attacks. Suggested behavioral therapy.'),('H258','P478','D337','2025-08-16','Consultation for depression. Referred to psychiatrist.'),('H259','P158','D404','2024-10-03','Consultation for constipation. Prescribed fiber supplements.'),('H26','P337','D107','2026-01-23','Consultation for neck pain. Suggested ergonomic adjustments.'),('H260','P372','D473','2025-03-23','Consultation for acid reflux. Suggested dietary modifications.'),('H261','P273','D95','2026-06-12','Consultation for depression. Referred to psychiatrist.'),('H262','P102','D399','2025-01-03','Consultation for neck pain. Suggested ergonomic adjustments.'),('H263','P360','D73','2026-10-08','Consultation for wrist pain. Suspected carpal tunnel syndrome.'),('H264','P304','D242','2026-03-01','Consultation for vitamin deficiency. Suggested supplementation.'),('H265','P430','D9','2026-04-04','Consultation for persistent cough. Suggested chest X-ray.'),('H266','P445','D99','2024-02-14','Consultation for constipation. Prescribed fiber supplements.'),('H267','P21','D485','2026-12-12','Consultation for fatigue. Recommended lifestyle changes.'),('H268','P174','D408','2025-08-05','Consultation for fever. Prescribed paracetamol.'),('H269','P295','D240','2025-08-03','Consultation for dizziness. Ordered blood pressure monitoring.'),('H27','P450','D245','2025-01-03','Consultation for swollen glands. Recommended further investigation.'),('H270','P463','D284','2024-04-05','Consultation for weight gain despite diet. Suggested endocrinology consultation.'),('H271','P396','D117','2024-12-29','Consultation for menopause symptoms. Prescribed hormone therapy.'),('H272','P216','D403','2026-09-24','Consultation for palpitations. Ordered ECG test.'),('H273','P357','D465','2024-06-24','Consultation for constipation. Prescribed fiber supplements.'),('H274','P301','D138','2025-09-22','Consultation for sudden weight loss. Ordered blood tests.'),('H275','P484','D385','2024-01-11','Consultation for fever. Prescribed paracetamol.'),('H276','P311','D119','2026-03-06','Consultation for chronic nausea. Prescribed anti-nausea medication.'),('H277','P183','D442','2024-10-26','Consultation for blurred vision. Advised diabetic eye screening.'),('H278','P488','D234','2024-12-23','Consultation for dizziness. Ordered blood pressure monitoring.'),('H279','P218','D407','2024-03-04','Consultation for chronic headaches. Suggested MRI scan.'),('H28','P53','D495','2025-04-04','Consultation for eczema. Prescribed steroid cream.'),('H280','P140','D153','2026-12-17','Consultation for chronic nausea. Prescribed anti-nausea medication.'),('H281','P86','D468','2025-03-23','Consultation for TMJ pain. Suggested jaw relaxation exercises.'),('H282','P3','D322','2025-09-05','Consultation for dizziness. Ordered blood pressure monitoring.'),('H283','P268','D42','2025-09-20','Consultation for kidney stones. Recommended hydration.'),('H284','P469','D99','2025-07-21','Consultation for osteoporosis. Suggested calcium supplements.'),('H285','P232','D308','2026-12-18','Consultation for chronic pain. Recommended pain management plan.'),('H286','P109','D379','2026-10-07','Consultation for respiratory infection. Prescribed antibiotics.'),('H287','P436','D159','2024-10-30','Consultation for numbness in fingers. Ordered nerve conduction study.'),('H288','P350','D317','2025-03-13','Consultation for insomnia. Recommended sleep hygiene practices.'),('H289','P326','D224','2026-08-11','Consultation for ear pain. Diagnosed ear infection.'),('H29','P113','D289','2026-07-18','Consultation for chronic headaches. Suggested MRI scan.'),('H290','P190','D327','2024-07-02','Consultation for osteoporosis. Suggested calcium supplements.'),('H291','P429','D176','2026-04-25','Consultation for ear pain. Diagnosed ear infection.'),('H292','P400','D79','2024-07-18','Consultation for high fever. Prescribed antipyretics.'),('H293','P423','D138','2026-01-28','Consultation for postural instability. Suggested balance training.'),('H294','P461','D62','2024-07-04','Consultation for acid reflux. Suggested dietary modifications.'),('H295','P37','D152','2026-03-26','Consultation for neck pain. Suggested ergonomic adjustments.'),('H296','P374','D54','2024-02-03','Consultation for high blood sugar. Adjusted insulin dosage.'),('H297','P330','D47','2025-03-10','Consultation for weight gain despite diet. Suggested endocrinology consultation.'),('H298','P140','D19','2026-05-26','Consultation for osteoporosis. Suggested calcium supplements.'),('H299','P130','D36','2024-08-31','Consultation for frequent dizziness. Ordered balance assessment.'),('H3','P342','D262','2024-06-28','Consultation for foot pain. Recommended orthotic support.'),('H30','P494','D251','2026-11-29','Consultation for hypertension. Adjusted medication.'),('H300','P483','D465','2024-10-01','Consultation for excessive sweating. Suggested dermatology consultation.'),('H301','P78','D494','2026-03-07','Consultation for muscle weakness. Ordered neurological evaluation.'),('H302','P160','D224','2024-02-04','Consultation for sudden weight loss. Ordered blood tests.'),('H303','P170','D260','2026-12-24','Consultation for vision issues. Referred to ophthalmologist.'),('H304','P1','D262','2024-12-16','Consultation for muscle cramps. Suggested electrolyte intake.'),('H305','P125','D261','2025-04-10','Consultation for sprained ankle. Advised rest and ice therapy.'),('H306','P136','D26','2026-12-07','Consultation for chronic nausea. Prescribed anti-nausea medication.'),('H307','P113','D361','2026-01-05','Consultation for chronic headaches. Suggested MRI scan.'),('H308','P407','D189','2026-03-14','Consultation for digestive discomfort. Advised probiotic intake.'),('H309','P216','D442','2026-04-14','Consultation for knee pain. Ordered MRI scan.'),('H31','P194','D375','2025-04-22','Consultation for stomach ulcers. Prescribed proton pump inhibitors.'),('H310','P43','D52','2024-05-30','Consultation for athletes foot. Suggested antifungal treatment.'),('H311','P10','D14','2024-09-07','Consultation for stomach ulcers. Prescribed proton pump inhibitors.'),('H312','P308','D78','2024-09-03','Consultation for chronic nausea. Prescribed anti-nausea medication.'),('H313','P184','D75','2024-01-25','Consultation for frequent colds. Recommended immune boosters.'),('H314','P215','D349','2026-09-04','Consultation for muscle weakness. Ordered neurological evaluation.'),('H315','P305','D259','2024-10-12','Consultation for athletes foot. Suggested antifungal treatment.'),('H316','P429','D213','2024-10-09','Consultation for allergic reactions. Suggested allergy testing.'),('H317','P217','D218','2024-09-18','Consultation for chronic fatigue. Recommended sleep study.'),('H318','P387','D378','2024-12-10','Consultation for chronic indigestion. Suggested dietary modifications.'),('H319','P73','D171','2025-12-10','Consultation for TMJ pain. Suggested jaw relaxation exercises.'),('H32','P47','D31','2026-03-02','Consultation for osteoporosis. Suggested calcium supplements.'),('H320','P467','D361','2026-05-04','Consultation for sleep disturbances. Ordered sleep study.'),('H321','P98','D242','2025-02-11','Consultation for stomach ulcers. Prescribed proton pump inhibitors.'),('H322','P229','D322','2026-08-12','Consultation for athletes foot. Suggested antifungal treatment.'),('H323','P182','D235','2024-06-10','Consultation for weight gain despite diet. Suggested endocrinology consultation.'),('H324','P114','D147','2026-08-18','Consultation for anemia. Prescribed iron supplements.'),('H325','P432','D490','2025-01-30','Consultation for chronic fatigue. Recommended sleep study.'),('H326','P316','D222','2025-10-31','Consultation for sprained ankle. Advised rest and ice therapy.'),('H327','P284','D89','2024-09-10','Consultation for postural instability. Suggested balance training.'),('H328','P377','D455','2026-06-18','Consultation for dizziness. Ordered blood pressure monitoring.'),('H329','P485','D442','2024-09-22','Consultation for food poisoning. Advised hydration therapy.'),('H33','P399','D335','2024-04-03','Consultation for digestive discomfort. Advised probiotic intake.'),('H330','P159','D285','2025-11-10','Consultation for dizziness. Ordered blood pressure monitoring.'),('H331','P167','D327','2025-06-20','Consultation for sunburn. Suggested aloe vera treatment.'),('H332','P70','D28','2024-05-04','Consultation for anxiety. Suggested relaxation techniques.'),('H333','P457','D299','2026-11-09','Consultation for sleep disturbances. Ordered sleep study.'),('H334','P314','D279','2026-07-08','Consultation for acid reflux. Suggested dietary modifications.'),('H335','P360','D313','2026-04-27','Consultation for fatigue. Recommended lifestyle changes.'),('H336','P167','D279','2026-05-11','Consultation for lactose intolerance. Recommended dairy alternatives.'),('H337','P342','D352','2026-05-10','Consultation for joint stiffness. Recommended warm compress therapy.'),('H338','P53','D157','2026-12-11','Consultation for sore throat. Recommended throat lozenges.'),('H339','P301','D205','2025-02-20','Consultation for sprained ankle. Advised rest and ice therapy.'),('H34','P334','D271','2024-04-28','Consultation for sleep disturbances. Ordered sleep study.'),('H340','P124','D12','2024-03-12','Consultation for sleep disturbances. Ordered sleep study.'),('H341','P210','D19','2024-12-17','Consultation for frequent colds. Recommended immune boosters.'),('H342','P115','D15','2024-09-12','Consultation for anemia. Prescribed iron supplements.'),('H343','P25','D342','2026-06-18','Consultation for menopause symptoms. Prescribed hormone therapy.'),('H344','P442','D170','2025-12-16','Consultation for chronic nausea. Prescribed anti-nausea medication.'),('H345','P20','D106','2024-09-05','Consultation for eczema. Prescribed steroid cream.'),('H346','P395','D115','2025-01-01','Consultation for vision issues. Referred to ophthalmologist.'),('H347','P105','D439','2026-01-08','Consultation for sinus infection. Prescribed antibiotics.'),('H348','P32','D362','2024-01-31','Consultation for dizziness. Ordered blood pressure monitoring.'),('H349','P155','D189','2024-07-29','Consultation for vitamin deficiency. Suggested supplementation.'),('H35','P487','D152','2025-04-29','Consultation for sprained ankle. Advised rest and ice therapy.'),('H350','P109','D175','2026-01-17','Consultation for chronic fatigue. Recommended sleep study.'),('H351','P134','D284','2025-05-01','Consultation for dizziness. Ordered blood pressure monitoring.'),('H352','P254','D276','2026-05-01','Consultation for menopause symptoms. Prescribed hormone therapy.'),('H353','P369','D230','2025-12-27','Consultation for vitamin deficiency. Suggested supplementation.'),('H354','P224','D436','2026-08-10','Consultation for sunburn. Suggested aloe vera treatment.'),('H355','P269','D386','2024-03-17','Consultation for numbness in fingers. Ordered nerve conduction study.'),('H356','P478','D44','2024-11-04','Consultation for eczema. Prescribed steroid cream.'),('H357','P251','D306','2024-09-12','Consultation for high fever. Prescribed antipyretics.'),('H358','P1','D445','2024-08-24','Consultation for osteoporosis. Suggested calcium supplements.'),('H359','P109','D425','2024-12-16','Consultation for lactose intolerance. Recommended dairy alternatives.'),('H36','P54','D248','2024-06-25','Consultation for palpitations. Ordered ECG test.'),('H360','P60','D1','2026-09-22','Consultation for blurred vision. Advised diabetic eye screening.'),('H361','P163','D168','2025-02-23','Consultation for muscle weakness. Ordered neurological evaluation.'),('H362','P78','D384','2024-08-21','Consultation for acid reflux. Suggested dietary modifications.'),('H363','P328','D491','2026-09-02','Consultation for anemia. Prescribed iron supplements.'),('H364','P365','D43','2026-05-06','Consultation for eczema. Prescribed steroid cream.'),('H365','P157','D190','2026-12-08','Consultation for hypertension. Adjusted medication.'),('H366','P424','D70','2026-07-17','Consultation for chronic fatigue. Recommended sleep study.'),('H367','P5','D132','2025-09-06','Consultation for menopause symptoms. Prescribed hormone therapy.'),('H368','P268','D241','2024-04-23','Consultation for high fever. Prescribed antipyretics.'),('H369','P31','D315','2024-11-05','Consultation for neck pain. Suggested ergonomic adjustments.'),('H37','P356','D15','2025-05-05','Consultation for muscle cramps. Suggested electrolyte intake.'),('H370','P110','D188','2024-03-27','Consultation for frequent migraines. Adjusted medication.'),('H371','P286','D151','2025-09-15','Consultation for ear pain. Diagnosed ear infection.'),('H372','P324','D246','2024-09-14','Consultation for respiratory infection. Prescribed antibiotics.'),('H373','P248','D494','2024-01-18','Consultation for frequent dizziness. Ordered balance assessment.'),('H374','P136','D460','2025-08-09','Consultation for depression. Referred to psychiatrist.'),('H375','P299','D304','2025-01-20','Consultation for asthma. Increased inhaler dosage.'),('H376','P105','D474','2025-09-19','Consultation for sore throat. Recommended throat lozenges.'),('H377','P188','D430','2025-05-18','Consultation for wrist pain. Suspected carpal tunnel syndrome.'),('H378','P65','D97','2024-01-11','Consultation for memory loss. Referred for cognitive testing.'),('H379','P344','D89','2024-12-15','Consultation for insomnia. Recommended sleep hygiene practices.'),('H38','P39','D241','2025-12-24','Consultation for constipation. Prescribed fiber supplements.'),('H380','P382','D500','2025-11-16','Consultation for anxiety. Suggested relaxation techniques.'),('H381','P293','D255','2024-10-30','Consultation for knee pain. Ordered MRI scan.'),('H382','P85','D495','2026-03-03','Consultation for osteoporosis. Suggested calcium supplements.'),('H383','P324','D148','2024-03-24','Consultation for allergic reactions. Suggested allergy testing.'),('H384','P150','D480','2026-10-25','Consultation for snoring. Suggested sleep apnea screening.'),('H385','P406','D167','2026-09-01','Consultation for chronic fatigue. Recommended sleep study.'),('H386','P320','D328','2025-05-31','Consultation for osteoporosis. Suggested calcium supplements.'),('H387','P269','D253','2026-04-29','Consultation for allergic reactions. Suggested allergy testing.'),('H388','P158','D53','2026-05-13','Consultation for wrist pain. Suspected carpal tunnel syndrome.'),('H389','P253','D50','2025-04-20','Consultation for sore throat. Recommended throat lozenges.'),('H39','P92','D306','2025-06-26','Consultation for insomnia. Recommended sleep hygiene practices.'),('H390','P294','D181','2026-08-17','Consultation for lactose intolerance. Recommended dairy alternatives.'),('H391','P148','D169','2025-10-25','Consultation for food poisoning. Advised hydration therapy.'),('H392','P422','D379','2026-01-01','Consultation for food poisoning. Advised hydration therapy.'),('H393','P446','D191','2025-02-18','Consultation for ear pain. Diagnosed ear infection.'),('H394','P80','D314','2025-03-18','Consultation for fever. Prescribed paracetamol.'),('H395','P279','D10','2024-11-03','Consultation for sinus infection. Prescribed antibiotics.'),('H396','P169','D200','2025-02-05','Consultation for knee pain. Ordered MRI scan.'),('H397','P62','D126','2024-12-16','Consultation for high cholesterol. Adjusted diet plan.'),('H398','P166','D20','2024-03-22','Consultation for depression. Referred to psychiatrist.'),('H399','P269','D203','2025-12-01','Consultation for dizziness. Ordered blood pressure monitoring.'),('H4','P377','D337','2026-01-14','Consultation for fatigue. Recommended lifestyle changes.'),('H40','P308','D25','2026-03-08','Consultation for frequent colds. Recommended immune boosters.'),('H400','P309','D405','2026-11-26','Consultation for sinus infection. Prescribed antibiotics.'),('H401','P198','D265','2024-12-09','Consultation for wrist pain. Suspected carpal tunnel syndrome.'),('H402','P129','D330','2025-06-07','Consultation for hypertension. Adjusted medication.'),('H403','P211','D174','2025-10-12','Consultation for asthma. Increased inhaler dosage.'),('H404','P327','D9','2026-08-18','Consultation for chronic indigestion. Suggested dietary modifications.'),('H405','P65','D201','2026-11-15','Consultation for lactose intolerance. Recommended dairy alternatives.'),('H406','P442','D464','2025-09-16','Consultation for blurred vision. Advised diabetic eye screening.'),('H407','P4','D164','2025-06-14','Consultation for food poisoning. Advised hydration therapy.'),('H408','P105','D59','2024-03-21','Consultation for seasonal allergies. Recommended antihistamines.'),('H409','P185','D309','2024-01-27','Consultation for chronic cough. Suggested pulmonary function test.'),('H41','P20','D394','2025-12-17','Consultation for chronic pain. Recommended pain management plan.'),('H410','P476','D142','2025-09-13','Consultation for joint stiffness. Recommended warm compress therapy.'),('H411','P57','D242','2025-06-26','Consultation for athletes foot. Suggested antifungal treatment.'),('H412','P454','D217','2024-07-28','Consultation for frequent colds. Recommended immune boosters.'),('H413','P13','D193','2026-08-19','Consultation for athletes foot. Suggested antifungal treatment.'),('H414','P427','D196','2026-05-23','Consultation for vision issues. Referred to ophthalmologist.'),('H415','P320','D361','2025-10-28','Consultation for neck pain. Suggested ergonomic adjustments.'),('H416','P391','D212','2024-02-10','Consultation for muscle cramps. Suggested electrolyte intake.'),('H417','P210','D299','2026-05-01','Consultation for muscle cramps. Suggested electrolyte intake.'),('H418','P242','D290','2026-12-30','Consultation for frequent migraines. Adjusted medication.'),('H419','P349','D246','2024-02-05','Consultation for muscle weakness. Ordered neurological evaluation.'),('H42','P493','D401','2026-10-04','Consultation for vitamin deficiency. Suggested supplementation.'),('H420','P117','D259','2026-06-19','Consultation for seasonal allergies. Recommended antihistamines.'),('H421','P231','D367','2024-01-24','Consultation for skin irritation. Recommended hypoallergenic lotion.'),('H422','P390','D220','2025-04-22','Consultation for insomnia. Recommended sleep hygiene practices.'),('H423','P181','D360','2024-04-04','Consultation for weight gain despite diet. Suggested endocrinology consultation.'),('H424','P136','D447','2024-01-03','Consultation for chest congestion. Prescribed expectorant.'),('H425','P195','D407','2025-12-25','Consultation for fever. Prescribed paracetamol.'),('H426','P284','D442','2026-07-05','Consultation for weight gain. Recommended nutritional counseling.'),('H427','P439','D428','2025-02-22','Consultation for tendonitis. Recommended rest and anti-inflammatory treatment.'),('H428','P252','D103','2026-06-10','Consultation for stomach ulcers. Prescribed proton pump inhibitors.'),('H429','P141','D150','2026-07-27','Consultation for chronic fatigue. Recommended sleep study.'),('H43','P188','D285','2025-11-06','Consultation for joint stiffness. Recommended warm compress therapy.'),('H430','P497','D97','2026-06-08','Consultation for post-surgery recovery. Advised physiotherapy.'),('H431','P318','D442','2025-06-15','Consultation for asthma. Increased inhaler dosage.'),('H432','P169','D94','2024-05-10','Consultation for tendonitis. Recommended rest and anti-inflammatory treatment.'),('H433','P99','D490','2024-11-10','Consultation for joint stiffness. Recommended warm compress therapy.'),('H434','P387','D332','2026-03-13','Consultation for post-surgery recovery. Advised physiotherapy.'),('H435','P13','D478','2026-05-18','Consultation for allergic reactions. Suggested allergy testing.'),('H436','P124','D332','2026-06-21','Consultation for fatigue. Recommended lifestyle changes.'),('H437','P22','D125','2024-04-03','Consultation for postural instability. Suggested balance training.'),('H438','P440','D432','2025-09-28','Consultation for muscle weakness. Ordered neurological evaluation.'),('H439','P8','D186','2025-01-21','Consultation for fatigue. Recommended lifestyle changes.'),('H44','P285','D55','2024-07-21','Consultation for frequent colds. Recommended immune boosters.'),('H440','P476','D167','2024-01-16','Consultation for skin irritation. Recommended hypoallergenic lotion.'),('H441','P269','D196','2024-01-18','Consultation for anemia. Prescribed iron supplements.'),('H442','P110','D453','2024-08-07','Consultation for blurred vision. Advised diabetic eye screening.'),('H443','P5','D419','2026-05-07','Consultation for hypertension. Adjusted medication.'),('H444','P96','D95','2025-05-20','Consultation for knee pain. Ordered MRI scan.'),('H445','P174','D496','2024-04-06','Consultation for eczema. Prescribed steroid cream.'),('H446','P451','D431','2026-12-20','Consultation for chronic cough. Suggested pulmonary function test.'),('H447','P355','D247','2025-07-10','Consultation for digestive discomfort. Advised probiotic intake.'),('H448','P375','D69','2024-12-22','Consultation for seasonal allergies. Recommended antihistamines.'),('H449','P112','D439','2024-04-08','Consultation for high fever. Prescribed antipyretics.'),('H45','P132','D348','2026-01-12','Consultation for allergic reactions. Suggested allergy testing.'),('H450','P428','D229','2024-08-14','Consultation for chronic nausea. Prescribed anti-nausea medication.'),('H451','P160','D228','2024-01-20','Consultation for panic attacks. Suggested behavioral therapy.'),('H452','P172','D330','2026-09-06','Consultation for dizziness. Ordered blood pressure monitoring.'),('H453','P166','D225','2024-08-01','Consultation for osteoporosis. Suggested calcium supplements.'),('H454','P465','D423','2026-12-31','Consultation for anemia. Prescribed iron supplements.'),('H455','P345','D483','2026-03-23','Consultation for depression. Referred to psychiatrist.'),('H456','P271','D36','2026-04-04','Consultation for persistent cough. Suggested chest X-ray.'),('H457','P485','D6','2024-02-09','Consultation for high fever. Prescribed antipyretics.'),('H458','P185','D327','2026-04-17','Consultation for vision issues. Referred to ophthalmologist.'),('H459','P152','D288','2024-07-18','Consultation for kidney stones. Recommended hydration.'),('H46','P155','D315','2024-04-12','Consultation for hair loss. Recommended blood tests for deficiencies.'),('H460','P15','D34','2026-01-25','Consultation for sunburn. Suggested aloe vera treatment.'),('H461','P489','D112','2025-11-20','Consultation for muscle weakness. Ordered neurological evaluation.'),('H462','P308','D263','2024-08-05','Consultation for constipation. Prescribed fiber supplements.'),('H463','P127','D183','2026-08-31','Consultation for sinus infection. Prescribed antibiotics.'),('H464','P374','D103','2024-09-27','Consultation for joint stiffness. Recommended warm compress therapy.'),('H465','P118','D313','2025-02-20','Consultation for athletes foot. Suggested antifungal treatment.'),('H466','P220','D185','2024-10-03','Consultation for asthma. Increased inhaler dosage.'),('H467','P445','D30','2025-12-18','Consultation for muscle weakness. Ordered neurological evaluation.'),('H468','P32','D355','2024-06-12','Consultation for acid reflux. Suggested dietary modifications.'),('H469','P320','D63','2026-04-25','Consultation for hair loss. Recommended blood tests for deficiencies.'),('H47','P102','D117','2025-11-24','Consultation for foot pain. Recommended orthotic support.'),('H470','P43','D107','2024-03-23','Consultation for sleep disturbances. Ordered sleep study.'),('H471','P369','D348','2026-01-23','Consultation for numbness in fingers. Ordered nerve conduction study.'),('H472','P297','D93','2025-08-23','Consultation for allergic reactions. Suggested allergy testing.'),('H473','P355','D244','2024-12-30','Consultation for tendonitis. Recommended rest and anti-inflammatory treatment.'),('H474','P85','D95','2024-02-08','Consultation for digestive discomfort. Advised probiotic intake.'),('H475','P493','D329','2024-12-18','Consultation for frequent migraines. Adjusted medication.'),('H476','P452','D406','2025-08-18','Consultation for frequent dizziness. Ordered balance assessment.'),('H477','P400','D417','2025-03-07','Consultation for eczema. Prescribed steroid cream.'),('H478','P305','D391','2025-02-18','Consultation for memory loss. Referred for cognitive testing.'),('H479','P383','D391','2026-12-17','Consultation for swollen glands. Recommended further investigation.'),('H48','P473','D330','2026-11-27','Consultation for blurred vision. Advised diabetic eye screening.'),('H480','P203','D384','2025-02-07','Consultation for eczema. Prescribed steroid cream.'),('H481','P238','D294','2026-08-06','Consultation for chest congestion. Prescribed expectorant.'),('H482','P81','D288','2025-11-15','Consultation for food poisoning. Advised hydration therapy.'),('H483','P373','D481','2024-12-03','Consultation for sprained ankle. Advised rest and ice therapy.'),('H484','P233','D109','2024-02-10','Consultation for frequent nosebleeds. Recommended ENT evaluation.'),('H485','P186','D86','2026-08-11','Consultation for dizziness. Ordered blood pressure monitoring.'),('H486','P354','D185','2025-08-01','Consultation for dizziness. Ordered blood pressure monitoring.'),('H487','P135','D274','2025-09-24','Consultation for chronic cough. Suggested pulmonary function test.'),('H488','P395','D71','2024-06-10','Consultation for foot pain. Recommended orthotic support.'),('H489','P345','D397','2024-10-28','Consultation for muscle weakness. Ordered neurological evaluation.'),('H49','P317','D243','2024-02-21','Consultation for hypertension. Adjusted medication.'),('H490','P194','D64','2025-07-13','Consultation for allergic reactions. Suggested allergy testing.'),('H491','P53','D361','2025-04-10','Consultation for high blood sugar. Adjusted insulin dosage.'),('H492','P185','D85','2024-11-03','Consultation for allergic reactions. Suggested allergy testing.'),('H493','P277','D476','2025-05-24','Consultation for fever. Prescribed paracetamol.'),('H494','P460','D375','2025-10-02','Consultation for snoring. Suggested sleep apnea screening.'),('H495','P348','D148','2026-04-07','Consultation for constipation. Prescribed fiber supplements.'),('H496','P37','D55','2025-05-29','Consultation for depression. Referred to psychiatrist.'),('H497','P389','D496','2026-10-29','Consultation for anemia. Prescribed iron supplements.'),('H498','P132','D447','2025-09-09','Consultation for sleep disturbances. Ordered sleep study.'),('H499','P28','D300','2026-10-04','Consultation for blurred vision. Advised diabetic eye screening.'),('H5','P195','D211','2024-06-02','Consultation for athletes foot. Suggested antifungal treatment.'),('H50','P154','D357','2025-08-26','Consultation for swollen glands. Recommended further investigation.'),('H500','P479','D45','2024-03-11','Consultation for postural instability. Suggested balance training.'),('H51','P124','D275','2024-04-07','Consultation for ear pain. Diagnosed ear infection.'),('H52','P184','D276','2025-04-22','Consultation for ear pain. Diagnosed ear infection.'),('H53','P286','D349','2024-11-29','Consultation for hair loss. Recommended blood tests for deficiencies.'),('H54','P500','D385','2024-11-30','Consultation for numbness in fingers. Ordered nerve conduction study.'),('H55','P5','D235','2024-11-11','Consultation for palpitations. Ordered ECG test.'),('H56','P322','D146','2024-04-19','Consultation for knee pain. Ordered MRI scan.'),('H57','P24','D337','2024-03-16','Consultation for constipation. Prescribed fiber supplements.'),('H58','P370','D28','2025-09-12','Consultation for frequent nosebleeds. Recommended ENT evaluation.'),('H59','P413','D173','2025-01-17','Consultation for sudden weight loss. Ordered blood tests.'),('H6','P24','D409','2025-07-05','Consultation for lactose intolerance. Recommended dairy alternatives.'),('H60','P444','D266','2024-03-02','Consultation for numbness in fingers. Ordered nerve conduction study.'),('H61','P324','D259','2026-07-06','Consultation for ear pain. Diagnosed ear infection.'),('H62','P486','D215','2026-06-24','Consultation for chronic nausea. Prescribed anti-nausea medication.'),('H63','P281','D65','2024-08-09','Consultation for hypertension. Adjusted medication.'),('H64','P75','D266','2025-10-18','Consultation for frequent nosebleeds. Recommended ENT evaluation.'),('H65','P384','D15','2026-09-19','Consultation for respiratory infection. Prescribed antibiotics.'),('H66','P451','D106','2025-02-01','Consultation for skin irritation. Recommended hypoallergenic lotion.'),('H67','P221','D405','2026-04-30','Consultation for vision issues. Referred to ophthalmologist.'),('H68','P290','D219','2025-11-29','Consultation for post-surgery recovery. Advised physiotherapy.'),('H69','P96','D216','2025-05-13','Consultation for seasonal allergies. Recommended antihistamines.'),('H7','P467','D180','2026-10-26','Consultation for anemia. Prescribed iron supplements.'),('H70','P365','D139','2025-03-03','Consultation for chronic cough. Suggested pulmonary function test.'),('H71','P134','D255','2026-05-03','Consultation for depression. Referred to psychiatrist.'),('H72','P497','D459','2026-04-19','Consultation for seasonal allergies. Recommended antihistamines.'),('H73','P363','D261','2024-08-26','Consultation for muscle cramps. Suggested electrolyte intake.'),('H74','P408','D500','2026-12-03','Consultation for vitamin deficiency. Suggested supplementation.'),('H75','P9','D367','2026-07-08','Consultation for sprained ankle. Advised rest and ice therapy.'),('H76','P214','D362','2025-07-23','Consultation for palpitations. Ordered ECG test.'),('H77','P66','D20','2024-10-12','Consultation for sudden weight loss. Ordered blood tests.'),('H78','P325','D472','2024-06-02','Consultation for panic attacks. Suggested behavioral therapy.'),('H79','P151','D16','2025-08-10','Consultation for high blood sugar. Adjusted insulin dosage.'),('H8','P249','D327','2024-03-07','Consultation for dizziness. Ordered blood pressure monitoring.'),('H80','P477','D122','2024-11-09','Consultation for skin irritation. Recommended hypoallergenic lotion.'),('H81','P10','D335','2026-03-15','Consultation for excessive sweating. Suggested dermatology consultation.'),('H82','P39','D432','2025-02-05','Consultation for TMJ pain. Suggested jaw relaxation exercises.'),('H83','P59','D237','2026-05-03','Consultation for sprained ankle. Advised rest and ice therapy.'),('H84','P387','D472','2026-03-25','Consultation for skin irritation. Recommended hypoallergenic lotion.'),('H85','P301','D311','2024-02-13','Consultation for acid reflux. Suggested dietary modifications.'),('H86','P417','D221','2024-05-28','Consultation for dizziness. Ordered blood pressure monitoring.'),('H87','P173','D145','2024-11-18','Consultation for hypertension. Adjusted medication.'),('H88','P243','D264','2024-07-27','Consultation for TMJ pain. Suggested jaw relaxation exercises.'),('H89','P338','D285','2026-05-21','Consultation for stomach ulcers. Prescribed proton pump inhibitors.'),('H9','P100','D317','2025-11-08','Consultation for post-surgery recovery. Advised physiotherapy.'),('H90','P362','D234','2024-05-14','Consultation for weight gain. Recommended nutritional counseling.'),('H91','P177','D183','2025-07-12','Consultation for vision issues. Referred to ophthalmologist.'),('H92','P333','D368','2025-01-06','Consultation for eczema. Prescribed steroid cream.'),('H93','P419','D118','2025-06-02','Consultation for stomach ulcers. Prescribed proton pump inhibitors.'),('H94','P397','D371','2026-01-07','Consultation for chronic headaches. Suggested MRI scan.'),('H95','P246','D335','2024-02-22','Consultation for eczema. Prescribed steroid cream.'),('H96','P267','D84','2026-11-12','Consultation for chronic indigestion. Suggested dietary modifications.'),('H97','P139','D428','2025-01-15','Consultation for vision issues. Referred to ophthalmologist.'),('H98','P343','D370','2024-06-09','Consultation for muscle weakness. Ordered neurological evaluation.'),('H99','P231','D295','2026-07-09','Consultation for sinus infection. Prescribed antibiotics.');
/*!40000 ALTER TABLE `consultationhistory` ENABLE KEYS */;
UNLOCK TABLES;

--
-- Table structure for table `doctors`
--

DROP TABLE IF EXISTS `doctors`;
/*!40101 SET @saved_cs_client     = @@character_set_client */;
/*!50503 SET character_set_client = utf8mb4 */;
CREATE TABLE `doctors` (
  `doctor_id` varchar(10) NOT NULL,
  `first_name` varchar(100) DEFAULT NULL,
  `last_name` varchar(100) DEFAULT NULL,
  `specialization` varchar(100) DEFAULT NULL,
  `contact_number` varchar(15) DEFAULT NULL,
  `email` varchar(100) DEFAULT NULL,
  `availability_schedule` text DEFAULT NULL,
  PRIMARY KEY (`doctor_id`)
) ENGINE=InnoDB DEFAULT CHARSET=utf8mb4 COLLATE=utf8mb4_general_ci;
/*!40101 SET character_set_client = @saved_cs_client */;

--
-- Dumping data for table `doctors`
--

LOCK TABLES `doctors` WRITE;
/*!40000 ALTER TABLE `doctors` DISABLE KEYS */;
INSERT INTO `doctors` VALUES ('D1','Dr. Harper','Taylor','Pediatrics','555-7672','harper.taylor@clinic.com','{\"Thursday\": \"10am-2pm\", \"Friday\": \"8am-12pm\"}'),('D10','Dr. Lucas','Anderson','Oncology','555-5642','lucas.anderson@clinic.com','{\"Friday\": \"9am-1pm\", \"Monday\": \"10am-2pm\"}'),('D100','Dr. Benjamin','Moore','Pediatrics','555-6550','benjamin.moore@clinic.com','{\"Tuesday\": \"3pm-7pm\"}'),('D101','Dr. Lucas','Lopez','Infectious Disease','555-3465','lucas.lopez@clinic.com','{\"Monday\": \"11am-3pm\", \"Thursday\": \"3pm-7pm\"}'),('D102','Dr. Oliver','Taylor','Rheumatology','555-2661','oliver.taylor@clinic.com','{\"Friday\": \"11am-3pm\", \"Monday\": \"3pm-7pm\"}'),('D103','Dr. Charlotte','Taylor','Oncology','555-1859','charlotte.taylor@clinic.com','{\"Tuesday\": \"3pm-7pm\"}'),('D104','Dr. Sophia','Taylor','Gastroenterology','555-4009','sophia.taylor@clinic.com','{\"Tuesday\": \"3pm-7pm\", \"Wednesday\": \"10am-2pm\"}'),('D105','Dr. Elijah','Wilson','Urology','555-9241','elijah.wilson@clinic.com','{\"Friday\": \"9am-1pm\", \"Tuesday\": \"2pm-6pm\"}'),('D106','Dr. Logan','Anderson','Neurology','555-1993','logan.anderson@clinic.com','{\"Wednesday\": \"3pm-7pm\", \"Tuesday\": \"8am-12pm\"}'),('D107','Dr. Alexander','Jackson','Plastic Surgery','555-3513','alexander.jackson@clinic.com','{\"Tuesday\": \"3pm-7pm\", \"Monday\": \"2pm-6pm\"}'),('D108','Dr. Alexander','Smith','Dermatology','555-6411','alexander.smith@clinic.com','{\"Friday\": \"3pm-7pm\", \"Thursday\": \"11am-3pm\"}'),('D109','Dr. Logan','Wilson','Hematology','555-9722','logan.wilson@clinic.com','{\"Tuesday\": \"9am-1pm\", \"Wednesday\": \"2pm-6pm\"}'),('D11','Dr. Evelyn','Hernandez','Emergency Medicine','555-7777','evelyn.hernandez@clinic.com','{\"Monday\": \"11am-3pm\"}'),('D110','Dr. Charlotte','Hernandez','Neurology','555-9208','charlotte.hernandez@clinic.com','{\"Wednesday\": \"2pm-6pm\", \"Tuesday\": \"9am-1pm\"}'),('D111','Dr. Isabella','Brown','Geriatrics','555-2034','isabella.brown@clinic.com','{\"Thursday\": \"11am-3pm\", \"Tuesday\": \"3pm-7pm\"}'),('D112','Dr. Ethan','Wilson','Cardiology','555-7512','ethan.wilson@clinic.com','{\"Tuesday\": \"10am-2pm\", \"Wednesday\": \"9am-1pm\"}'),('D113','Dr. Amelia','Garcia','Rheumatology','555-2740','amelia.garcia@clinic.com','{\"Monday\": \"8am-12pm\", \"Thursday\": \"9am-1pm\"}'),('D114','Dr. Ethan','Wilson','Hematology','555-2990','ethan.wilson@clinic.com','{\"Tuesday\": \"10am-2pm\", \"Thursday\": \"3pm-7pm\"}'),('D115','Dr. Daniel','Lopez','Nephrology','555-2567','daniel.lopez@clinic.com','{\"Friday\": \"2pm-6pm\", \"Wednesday\": \"3pm-7pm\"}'),('D116','Dr. James','Brown','Infectious Disease','555-2706','james.brown@clinic.com','{\"Monday\": \"3pm-7pm\", \"Friday\": \"9am-1pm\"}'),('D117','Dr. Logan','Hernandez','General Surgery','555-5680','logan.hernandez@clinic.com','{\"Thursday\": \"2pm-6pm\"}'),('D118','Dr. Harper','Thomas','Endocrinology','555-8973','harper.thomas@clinic.com','{\"Tuesday\": \"8am-12pm\", \"Monday\": \"2pm-6pm\"}'),('D119','Dr. Logan','Davis','Oncology','555-2747','logan.davis@clinic.com','{\"Thursday\": \"9am-1pm\", \"Monday\": \"2pm-6pm\"}'),('D12','Dr. Mia','Miller','Psychiatry','555-8650','mia.miller@clinic.com','{\"Tuesday\": \"10am-2pm\", \"Thursday\": \"3pm-7pm\"}'),('D120','Dr. Olivia','Anderson','Nephrology','555-7596','olivia.anderson@clinic.com','{\"Monday\": \"2pm-6pm\"}'),('D121','Dr. Benjamin','Brown','Geriatrics','555-8074','benjamin.brown@clinic.com','{\"Friday\": \"9am-1pm\"}'),('D122','Dr. Amelia','Brown','Cardiology','555-6177','amelia.brown@clinic.com','{\"Monday\": \"9am-1pm\", \"Wednesday\": \"3pm-7pm\"}'),('D123','Dr. Evelyn','Miller','Dermatology','555-4464','evelyn.miller@clinic.com','{\"Tuesday\": \"2pm-6pm\", \"Thursday\": \"9am-1pm\"}'),('D124','Dr. Olivia','Miller','Hematology','555-8231','olivia.miller@clinic.com','{\"Friday\": \"11am-3pm\", \"Thursday\": \"2pm-6pm\"}'),('D125','Dr. Ethan','Smith','Cardiology','555-7512','ethan.smith@clinic.com','{\"Friday\": \"3pm-7pm\", \"Tuesday\": \"2pm-6pm\"}'),('D126','Dr. Olivia','Jones','Psychiatry','555-6816','olivia.jones@clinic.com','{\"Tuesday\": \"8am-12pm\", \"Friday\": \"10am-2pm\"}'),('D127','Dr. Alexander','Taylor','General Surgery','555-9476','alexander.taylor@clinic.com','{\"Thursday\": \"10am-2pm\", \"Tuesday\": \"11am-3pm\"}'),('D128','Dr. Benjamin','Taylor','Endocrinology','555-2446','benjamin.taylor@clinic.com','{\"Monday\": \"10am-2pm\", \"Friday\": \"9am-1pm\"}'),('D129','Dr. Alexander','Smith','Gastroenterology','555-4326','alexander.smith@clinic.com','{\"Friday\": \"10am-2pm\"}'),('D13','Dr. Logan','Martinez','Plastic Surgery','555-2876','logan.martinez@clinic.com','{\"Monday\": \"11am-3pm\", \"Friday\": \"9am-1pm\"}'),('D130','Dr. James','Thomas','Pulmonology','555-5220','james.thomas@clinic.com','{\"Monday\": \"9am-1pm\", \"Wednesday\": \"3pm-7pm\"}'),('D131','Dr. Harper','Jackson','Gastroenterology','555-8166','harper.jackson@clinic.com','{\"Monday\": \"2pm-6pm\", \"Thursday\": \"11am-3pm\"}'),('D132','Dr. Sophia','Thomas','Urology','555-1009','sophia.thomas@clinic.com','{\"Tuesday\": \"11am-3pm\", \"Monday\": \"11am-3pm\"}'),('D133','Dr. James','Moore','Urology','555-4320','james.moore@clinic.com','{\"Thursday\": \"9am-1pm\", \"Tuesday\": \"11am-3pm\"}'),('D134','Dr. Ava','Brown','Orthopedics','555-5864','ava.brown@clinic.com','{\"Friday\": \"11am-3pm\", \"Wednesday\": \"3pm-7pm\"}'),('D135','Dr. Olivia','Anderson','Pediatrics','555-9396','olivia.anderson@clinic.com','{\"Monday\": \"2pm-6pm\", \"Friday\": \"8am-12pm\"}'),('D136','Dr. Sophia','Smith','Rheumatology','555-4532','sophia.smith@clinic.com','{\"Wednesday\": \"10am-2pm\", \"Friday\": \"2pm-6pm\"}'),('D137','Dr. Ethan','Wilson','Endocrinology','555-9894','ethan.wilson@clinic.com','{\"Wednesday\": \"8am-12pm\"}'),('D138','Dr. Harper','Jackson','Urology','555-2214','harper.jackson@clinic.com','{\"Wednesday\": \"3pm-7pm\", \"Friday\": \"9am-1pm\"}'),('D139','Dr. Logan','Taylor','Neurology','555-8115','logan.taylor@clinic.com','{\"Wednesday\": \"11am-3pm\", \"Monday\": \"9am-1pm\"}'),('D14','Dr. Olivia','Jackson','Plastic Surgery','555-2806','olivia.jackson@clinic.com','{\"Wednesday\": \"3pm-7pm\", \"Thursday\": \"8am-12pm\"}'),('D140','Dr. Ethan','Williams','Urology','555-3459','ethan.williams@clinic.com','{\"Friday\": \"9am-1pm\", \"Tuesday\": \"8am-12pm\"}'),('D141','Dr. Daniel','Taylor','Plastic Surgery','555-1768','daniel.taylor@clinic.com','{\"Friday\": \"3pm-7pm\"}'),('D142','Dr. Ava','Wilson','Orthopedics','555-2229','ava.wilson@clinic.com','{\"Thursday\": \"11am-3pm\", \"Monday\": \"10am-2pm\"}'),('D143','Dr. Emma','Taylor','Pediatrics','555-8183','emma.taylor@clinic.com','{\"Friday\": \"9am-1pm\", \"Monday\": \"2pm-6pm\"}'),('D144','Dr. Ava','Gonzalez','Infectious Disease','555-6973','ava.gonzalez@clinic.com','{\"Tuesday\": \"8am-12pm\"}'),('D145','Dr. Ethan','Johnson','General Surgery','555-4033','ethan.johnson@clinic.com','{\"Monday\": \"2pm-6pm\", \"Thursday\": \"10am-2pm\"}'),('D146','Dr. Isabella','Miller','Hematology','555-6454','isabella.miller@clinic.com','{\"Tuesday\": \"11am-3pm\"}'),('D147','Dr. Evelyn','Rodriguez','Psychiatry','555-8189','evelyn.rodriguez@clinic.com','{\"Monday\": \"8am-12pm\", \"Thursday\": \"2pm-6pm\"}'),('D148','Dr. Harper','Gonzalez','Urology','555-4932','harper.gonzalez@clinic.com','{\"Wednesday\": \"10am-2pm\", \"Friday\": \"10am-2pm\"}'),('D149','Dr. Olivia','Moore','Urology','555-4202','olivia.moore@clinic.com','{\"Tuesday\": \"11am-3pm\", \"Friday\": \"9am-1pm\"}'),('D15','Dr. Alexander','Lopez','Oncology','555-6371','alexander.lopez@clinic.com','{\"Monday\": \"10am-2pm\", \"Tuesday\": \"2pm-6pm\"}'),('D150','Dr. Evelyn','Brown','Plastic Surgery','555-3872','evelyn.brown@clinic.com','{\"Thursday\": \"9am-1pm\", \"Tuesday\": \"8am-12pm\"}'),('D151','Dr. Isabella','Thomas','Urology','555-9935','isabella.thomas@clinic.com','{\"Friday\": \"10am-2pm\", \"Thursday\": \"10am-2pm\"}'),('D152','Dr. Sophia','Brown','Geriatrics','555-9466','sophia.brown@clinic.com','{\"Wednesday\": \"9am-1pm\", \"Thursday\": \"3pm-7pm\"}'),('D153','Dr. Charlotte','Lopez','Geriatrics','555-4671','charlotte.lopez@clinic.com','{\"Friday\": \"3pm-7pm\", \"Monday\": \"10am-2pm\"}'),('D154','Dr. Harper','Jackson','Geriatrics','555-1677','harper.jackson@clinic.com','{\"Monday\": \"8am-12pm\", \"Friday\": \"8am-12pm\"}'),('D155','Dr. Ava','Moore','Oncology','555-4942','ava.moore@clinic.com','{\"Monday\": \"11am-3pm\"}'),('D156','Dr. Lucas','Martin','Pulmonology','555-7980','lucas.martin@clinic.com','{\"Monday\": \"9am-1pm\", \"Tuesday\": \"3pm-7pm\"}'),('D157','Dr. Lucas','Johnson','Plastic Surgery','555-8986','lucas.johnson@clinic.com','{\"Friday\": \"11am-3pm\", \"Monday\": \"10am-2pm\"}'),('D158','Dr. Olivia','Wilson','Psychiatry','555-7871','olivia.wilson@clinic.com','{\"Wednesday\": \"10am-2pm\"}'),('D159','Dr. Harper','Smith','Geriatrics','555-7630','harper.smith@clinic.com','{\"Thursday\": \"10am-2pm\", \"Wednesday\": \"2pm-6pm\"}'),('D16','Dr. Mason','Moore','Urology','555-2296','mason.moore@clinic.com','{\"Friday\": \"2pm-6pm\"}'),('D160','Dr. Logan','Jones','Gynecology','555-9761','logan.jones@clinic.com','{\"Tuesday\": \"3pm-7pm\", \"Monday\": \"8am-12pm\"}'),('D161','Dr. Charlotte','Garcia','Rheumatology','555-6350','charlotte.garcia@clinic.com','{\"Monday\": \"2pm-6pm\", \"Wednesday\": \"8am-12pm\"}'),('D162','Dr. Elijah','Taylor','Geriatrics','555-4749','elijah.taylor@clinic.com','{\"Thursday\": \"3pm-7pm\", \"Tuesday\": \"10am-2pm\"}'),('D163','Dr. Daniel','Moore','Oncology','555-7649','daniel.moore@clinic.com','{\"Friday\": \"2pm-6pm\", \"Monday\": \"3pm-7pm\"}'),('D164','Dr. Elijah','Rodriguez','Neurology','555-6384','elijah.rodriguez@clinic.com','{\"Tuesday\": \"9am-1pm\", \"Monday\": \"3pm-7pm\"}'),('D165','Dr. Lucas','Taylor','Gastroenterology','555-7368','lucas.taylor@clinic.com','{\"Thursday\": \"3pm-7pm\", \"Friday\": \"2pm-6pm\"}'),('D166','Dr. Ava','Johnson','Geriatrics','555-2489','ava.johnson@clinic.com','{\"Friday\": \"11am-3pm\"}'),('D167','Dr. Elijah','Davis','Plastic Surgery','555-1831','elijah.davis@clinic.com','{\"Monday\": \"10am-2pm\", \"Friday\": \"11am-3pm\"}'),('D168','Dr. Oliver','Williams','Emergency Medicine','555-7608','oliver.williams@clinic.com','{\"Thursday\": \"11am-3pm\"}'),('D169','Dr. Daniel','Jackson','Pediatrics','555-8572','daniel.jackson@clinic.com','{\"Tuesday\": \"11am-3pm\", \"Wednesday\": \"11am-3pm\"}'),('D17','Dr. Ethan','Jackson','Infectious Disease','555-3461','ethan.jackson@clinic.com','{\"Monday\": \"3pm-7pm\"}'),('D170','Dr. Daniel','Lopez','Oncology','555-2566','daniel.lopez@clinic.com','{\"Wednesday\": \"11am-3pm\", \"Friday\": \"3pm-7pm\"}'),('D171','Dr. Isabella','Johnson','Gynecology','555-3848','isabella.johnson@clinic.com','{\"Thursday\": \"2pm-6pm\"}'),('D172','Dr. Charlotte','Jackson','Dermatology','555-2660','charlotte.jackson@clinic.com','{\"Monday\": \"9am-1pm\", \"Wednesday\": \"9am-1pm\"}'),('D173','Dr. James','Jones','Emergency Medicine','555-5172','james.jones@clinic.com','{\"Monday\": \"9am-1pm\"}'),('D174','Dr. Isabella','Wilson','Rheumatology','555-9305','isabella.wilson@clinic.com','{\"Monday\": \"8am-12pm\", \"Thursday\": \"2pm-6pm\"}'),('D175','Dr. Mason','Hernandez','Rheumatology','555-8296','mason.hernandez@clinic.com','{\"Monday\": \"2pm-6pm\", \"Wednesday\": \"8am-12pm\"}'),('D176','Dr. Amelia','Garcia','Orthopedics','555-7831','amelia.garcia@clinic.com','{\"Wednesday\": \"3pm-7pm\", \"Thursday\": \"9am-1pm\"}'),('D177','Dr. Harper','Wilson','Neurology','555-2084','harper.wilson@clinic.com','{\"Tuesday\": \"8am-12pm\", \"Thursday\": \"8am-12pm\"}'),('D178','Dr. Ava','Wilson','Geriatrics','555-8848','ava.wilson@clinic.com','{\"Monday\": \"9am-1pm\", \"Thursday\": \"3pm-7pm\"}'),('D179','Dr. Harper','Taylor','Gastroenterology','555-5170','harper.taylor@clinic.com','{\"Monday\": \"10am-2pm\", \"Wednesday\": \"11am-3pm\"}'),('D18','Dr. Logan','Moore','Geriatrics','555-2392','logan.moore@clinic.com','{\"Friday\": \"2pm-6pm\", \"Wednesday\": \"10am-2pm\"}'),('D180','Dr. Logan','Miller','Infectious Disease','555-9544','logan.miller@clinic.com','{\"Monday\": \"2pm-6pm\"}'),('D181','Dr. Sophia','Gonzalez','Cardiology','555-5658','sophia.gonzalez@clinic.com','{\"Wednesday\": \"10am-2pm\", \"Monday\": \"9am-1pm\"}'),('D182','Dr. Alexander','Garcia','Emergency Medicine','555-2047','alexander.garcia@clinic.com','{\"Tuesday\": \"10am-2pm\"}'),('D183','Dr. Mason','Brown','Pulmonology','555-3252','mason.brown@clinic.com','{\"Monday\": \"11am-3pm\"}'),('D184','Dr. Daniel','Hernandez','Plastic Surgery','555-6451','daniel.hernandez@clinic.com','{\"Thursday\": \"10am-2pm\", \"Wednesday\": \"2pm-6pm\"}'),('D185','Dr. Oliver','Davis','Hematology','555-7160','oliver.davis@clinic.com','{\"Wednesday\": \"11am-3pm\", \"Thursday\": \"11am-3pm\"}'),('D186','Dr. Logan','Smith','Cardiology','555-7145','logan.smith@clinic.com','{\"Wednesday\": \"8am-12pm\", \"Friday\": \"9am-1pm\"}'),('D187','Dr. Benjamin','Martin','Rheumatology','555-9539','benjamin.martin@clinic.com','{\"Thursday\": \"9am-1pm\", \"Friday\": \"3pm-7pm\"}'),('D188','Dr. Sophia','Jones','Neurology','555-2409','sophia.jones@clinic.com','{\"Wednesday\": \"11am-3pm\"}'),('D189','Dr. Mason','Smith','Cardiology','555-8005','mason.smith@clinic.com','{\"Thursday\": \"11am-3pm\", \"Friday\": \"3pm-7pm\"}'),('D19','Dr. Oliver','Johnson','Hematology','555-9254','oliver.johnson@clinic.com','{\"Monday\": \"10am-2pm\"}'),('D190','Dr. Evelyn','Taylor','Orthopedics','555-2056','evelyn.taylor@clinic.com','{\"Monday\": \"8am-12pm\", \"Thursday\": \"11am-3pm\"}'),('D191','Dr. Amelia','Miller','Geriatrics','555-8774','amelia.miller@clinic.com','{\"Thursday\": \"8am-12pm\", \"Wednesday\": \"11am-3pm\"}'),('D192','Dr. Olivia','Miller','Psychiatry','555-3421','olivia.miller@clinic.com','{\"Tuesday\": \"8am-12pm\", \"Thursday\": \"11am-3pm\"}'),('D193','Dr. Logan','Garcia','Plastic Surgery','555-1680','logan.garcia@clinic.com','{\"Tuesday\": \"3pm-7pm\"}'),('D194','Dr. Mia','Gonzalez','Rheumatology','555-9883','mia.gonzalez@clinic.com','{\"Tuesday\": \"9am-1pm\", \"Friday\": \"11am-3pm\"}'),('D195','Dr. James','Wilson','Psychiatry','555-6051','james.wilson@clinic.com','{\"Tuesday\": \"2pm-6pm\", \"Monday\": \"3pm-7pm\"}'),('D196','Dr. Mia','Gonzalez','Rheumatology','555-1270','mia.gonzalez@clinic.com','{\"Tuesday\": \"2pm-6pm\", \"Thursday\": \"3pm-7pm\"}'),('D197','Dr. Sophia','Davis','Gynecology','555-2906','sophia.davis@clinic.com','{\"Friday\": \"3pm-7pm\", \"Wednesday\": \"3pm-7pm\"}'),('D198','Dr. Olivia','Hernandez','Oncology','555-9524','olivia.hernandez@clinic.com','{\"Thursday\": \"9am-1pm\", \"Monday\": \"11am-3pm\"}'),('D199','Dr. Ava','Jackson','General Surgery','555-4311','ava.jackson@clinic.com','{\"Tuesday\": \"3pm-7pm\", \"Friday\": \"2pm-6pm\"}'),('D2','Dr. Olivia','Jackson','Endocrinology','555-5812','olivia.jackson@clinic.com','{\"Wednesday\": \"11am-3pm\", \"Friday\": \"9am-1pm\"}'),('D20','Dr. Isabella','Moore','Dermatology','555-3202','isabella.moore@clinic.com','{\"Wednesday\": \"11am-3pm\", \"Thursday\": \"10am-2pm\"}'),('D200','Dr. Harper','Thomas','Psychiatry','555-8213','harper.thomas@clinic.com','{\"Thursday\": \"9am-1pm\", \"Tuesday\": \"8am-12pm\"}'),('D201','Dr. Oliver','Jackson','Dermatology','555-1967','oliver.jackson@clinic.com','{\"Thursday\": \"11am-3pm\", \"Tuesday\": \"11am-3pm\"}'),('D202','Dr. Sophia','Moore','Plastic Surgery','555-7089','sophia.moore@clinic.com','{\"Wednesday\": \"10am-2pm\"}'),('D203','Dr. Evelyn','Smith','Rheumatology','555-5557','evelyn.smith@clinic.com','{\"Friday\": \"9am-1pm\", \"Wednesday\": \"3pm-7pm\"}'),('D204','Dr. Charlotte','Anderson','Psychiatry','555-9507','charlotte.anderson@clinic.com','{\"Friday\": \"2pm-6pm\", \"Wednesday\": \"9am-1pm\"}'),('D205','Dr. Mia','Garcia','Dermatology','555-9573','mia.garcia@clinic.com','{\"Thursday\": \"10am-2pm\", \"Wednesday\": \"2pm-6pm\"}'),('D206','Dr. James','Davis','Orthopedics','555-2109','james.davis@clinic.com','{\"Thursday\": \"10am-2pm\", \"Tuesday\": \"3pm-7pm\"}'),('D207','Dr. Isabella','Smith','Geriatrics','555-9375','isabella.smith@clinic.com','{\"Tuesday\": \"11am-3pm\", \"Monday\": \"9am-1pm\"}'),('D208','Dr. Elijah','Lopez','Gynecology','555-8940','elijah.lopez@clinic.com','{\"Wednesday\": \"11am-3pm\", \"Monday\": \"3pm-7pm\"}'),('D209','Dr. Elijah','Hernandez','Hematology','555-5452','elijah.hernandez@clinic.com','{\"Friday\": \"2pm-6pm\", \"Monday\": \"10am-2pm\"}'),('D21','Dr. Alexander','Williams','General Surgery','555-3956','alexander.williams@clinic.com','{\"Friday\": \"11am-3pm\"}'),('D210','Dr. Isabella','Wilson','Neurology','555-7085','isabella.wilson@clinic.com','{\"Tuesday\": \"11am-3pm\", \"Friday\": \"9am-1pm\"}'),('D211','Dr. Sophia','Moore','Psychiatry','555-9517','sophia.moore@clinic.com','{\"Friday\": \"8am-12pm\", \"Monday\": \"8am-12pm\"}'),('D212','Dr. Elijah','Martin','Plastic Surgery','555-6592','elijah.martin@clinic.com','{\"Monday\": \"3pm-7pm\", \"Wednesday\": \"8am-12pm\"}'),('D213','Dr. Elijah','Anderson','Nephrology','555-7553','elijah.anderson@clinic.com','{\"Tuesday\": \"2pm-6pm\", \"Wednesday\": \"3pm-7pm\"}'),('D214','Dr. Charlotte','Gonzalez','Pulmonology','555-3404','charlotte.gonzalez@clinic.com','{\"Monday\": \"3pm-7pm\", \"Tuesday\": \"8am-12pm\"}'),('D215','Dr. Daniel','Brown','Gastroenterology','555-7848','daniel.brown@clinic.com','{\"Tuesday\": \"11am-3pm\", \"Friday\": \"2pm-6pm\"}'),('D216','Dr. Harper','Rodriguez','Rheumatology','555-1768','harper.rodriguez@clinic.com','{\"Friday\": \"11am-3pm\", \"Monday\": \"2pm-6pm\"}'),('D217','Dr. Benjamin','Davis','Endocrinology','555-4812','benjamin.davis@clinic.com','{\"Thursday\": \"10am-2pm\", \"Monday\": \"2pm-6pm\"}'),('D218','Dr. Benjamin','Martinez','Urology','555-2978','benjamin.martinez@clinic.com','{\"Friday\": \"11am-3pm\", \"Tuesday\": \"8am-12pm\"}'),('D219','Dr. Elijah','Anderson','Emergency Medicine','555-6316','elijah.anderson@clinic.com','{\"Thursday\": \"8am-12pm\", \"Monday\": \"10am-2pm\"}'),('D22','Dr. Sophia','Anderson','General Surgery','555-6176','sophia.anderson@clinic.com','{\"Monday\": \"11am-3pm\", \"Tuesday\": \"10am-2pm\"}'),('D220','Dr. Lucas','Gonzalez','Cardiology','555-5314','lucas.gonzalez@clinic.com','{\"Tuesday\": \"2pm-6pm\", \"Monday\": \"2pm-6pm\"}'),('D221','Dr. Elijah','Jackson','Gynecology','555-5167','elijah.jackson@clinic.com','{\"Thursday\": \"8am-12pm\", \"Monday\": \"3pm-7pm\"}'),('D222','Dr. Charlotte','Gonzalez','Pediatrics','555-1271','charlotte.gonzalez@clinic.com','{\"Tuesday\": \"3pm-7pm\", \"Thursday\": \"11am-3pm\"}'),('D223','Dr. Evelyn','Moore','Urology','555-1249','evelyn.moore@clinic.com','{\"Monday\": \"2pm-6pm\"}'),('D224','Dr. Evelyn','Anderson','Pulmonology','555-9831','evelyn.anderson@clinic.com','{\"Wednesday\": \"11am-3pm\", \"Tuesday\": \"8am-12pm\"}'),('D225','Dr. Mason','Wilson','Dermatology','555-8771','mason.wilson@clinic.com','{\"Thursday\": \"2pm-6pm\", \"Tuesday\": \"10am-2pm\"}'),('D226','Dr. Elijah','Moore','Pediatrics','555-4153','elijah.moore@clinic.com','{\"Thursday\": \"11am-3pm\", \"Tuesday\": \"8am-12pm\"}'),('D227','Dr. Isabella','Williams','Rheumatology','555-6420','isabella.williams@clinic.com','{\"Monday\": \"3pm-7pm\"}'),('D228','Dr. James','Moore','Psychiatry','555-6454','james.moore@clinic.com','{\"Monday\": \"2pm-6pm\", \"Tuesday\": \"10am-2pm\"}'),('D229','Dr. Emma','Johnson','Endocrinology','555-7886','emma.johnson@clinic.com','{\"Wednesday\": \"8am-12pm\", \"Friday\": \"3pm-7pm\"}'),('D23','Dr. Elijah','Moore','Pediatrics','555-5032','elijah.moore@clinic.com','{\"Monday\": \"3pm-7pm\", \"Tuesday\": \"9am-1pm\"}'),('D230','Dr. Evelyn','Thomas','Oncology','555-4563','evelyn.thomas@clinic.com','{\"Friday\": \"9am-1pm\", \"Monday\": \"3pm-7pm\"}'),('D231','Dr. Emma','Moore','Endocrinology','555-9133','emma.moore@clinic.com','{\"Friday\": \"10am-2pm\", \"Monday\": \"3pm-7pm\"}'),('D232','Dr. Daniel','Martin','Oncology','555-7536','daniel.martin@clinic.com','{\"Thursday\": \"11am-3pm\"}'),('D233','Dr. Charlotte','Williams','Cardiology','555-1036','charlotte.williams@clinic.com','{\"Tuesday\": \"10am-2pm\", \"Monday\": \"3pm-7pm\"}'),('D234','Dr. Oliver','Taylor','Infectious Disease','555-4610','oliver.taylor@clinic.com','{\"Thursday\": \"9am-1pm\", \"Monday\": \"2pm-6pm\"}'),('D235','Dr. Elijah','Gonzalez','Pediatrics','555-3073','elijah.gonzalez@clinic.com','{\"Friday\": \"9am-1pm\"}'),('D236','Dr. Harper','Johnson','Pulmonology','555-4530','harper.johnson@clinic.com','{\"Monday\": \"8am-12pm\"}'),('D237','Dr. Ethan','Gonzalez','Hematology','555-9744','ethan.gonzalez@clinic.com','{\"Friday\": \"2pm-6pm\"}'),('D238','Dr. Harper','Moore','Oncology','555-6685','harper.moore@clinic.com','{\"Monday\": \"9am-1pm\"}'),('D239','Dr. Emma','Lopez','Pediatrics','555-1263','emma.lopez@clinic.com','{\"Friday\": \"10am-2pm\", \"Thursday\": \"9am-1pm\"}'),('D24','Dr. Elijah','Taylor','Urology','555-4388','elijah.taylor@clinic.com','{\"Friday\": \"8am-12pm\", \"Tuesday\": \"2pm-6pm\"}'),('D240','Dr. Isabella','Jones','Orthopedics','555-2146','isabella.jones@clinic.com','{\"Friday\": \"9am-1pm\", \"Wednesday\": \"9am-1pm\"}'),('D241','Dr. Ethan','Anderson','Orthopedics','555-2865','ethan.anderson@clinic.com','{\"Monday\": \"10am-2pm\", \"Friday\": \"8am-12pm\"}'),('D242','Dr. Mia','Taylor','Psychiatry','555-9712','mia.taylor@clinic.com','{\"Thursday\": \"11am-3pm\", \"Tuesday\": \"10am-2pm\"}'),('D243','Dr. Sophia','Hernandez','Dermatology','555-9893','sophia.hernandez@clinic.com','{\"Monday\": \"9am-1pm\", \"Wednesday\": \"11am-3pm\"}'),('D244','Dr. Daniel','Hernandez','Rheumatology','555-3775','daniel.hernandez@clinic.com','{\"Wednesday\": \"11am-3pm\", \"Friday\": \"11am-3pm\"}'),('D245','Dr. Emma','Anderson','Dermatology','555-6467','emma.anderson@clinic.com','{\"Thursday\": \"3pm-7pm\", \"Friday\": \"10am-2pm\"}'),('D246','Dr. Daniel','Garcia','Neurology','555-3429','daniel.garcia@clinic.com','{\"Tuesday\": \"10am-2pm\", \"Friday\": \"2pm-6pm\"}'),('D247','Dr. Oliver','Jackson','Pediatrics','555-7441','oliver.jackson@clinic.com','{\"Friday\": \"8am-12pm\", \"Thursday\": \"10am-2pm\"}'),('D248','Dr. Olivia','Moore','Nephrology','555-8087','olivia.moore@clinic.com','{\"Thursday\": \"3pm-7pm\", \"Tuesday\": \"9am-1pm\"}'),('D249','Dr. Charlotte','Jones','Urology','555-3212','charlotte.jones@clinic.com','{\"Monday\": \"8am-12pm\", \"Thursday\": \"2pm-6pm\"}'),('D25','Dr. Emma','Wilson','Dermatology','555-7691','emma.wilson@clinic.com','{\"Tuesday\": \"10am-2pm\", \"Monday\": \"11am-3pm\"}'),('D250','Dr. Benjamin','Jones','Urology','555-4010','benjamin.jones@clinic.com','{\"Wednesday\": \"2pm-6pm\", \"Monday\": \"2pm-6pm\"}'),('D251','Dr. Alexander','Williams','Orthopedics','555-3552','alexander.williams@clinic.com','{\"Tuesday\": \"9am-1pm\"}'),('D252','Dr. James','Garcia','Pulmonology','555-4047','james.garcia@clinic.com','{\"Monday\": \"3pm-7pm\"}'),('D253','Dr. Mia','Anderson','Plastic Surgery','555-2942','mia.anderson@clinic.com','{\"Tuesday\": \"3pm-7pm\", \"Wednesday\": \"11am-3pm\"}'),('D254','Dr. Mia','Smith','Gastroenterology','555-6098','mia.smith@clinic.com','{\"Wednesday\": \"11am-3pm\"}'),('D255','Dr. Alexander','Johnson','Geriatrics','555-9141','alexander.johnson@clinic.com','{\"Wednesday\": \"10am-2pm\"}'),('D256','Dr. Lucas','Moore','General Surgery','555-4199','lucas.moore@clinic.com','{\"Tuesday\": \"3pm-7pm\", \"Wednesday\": \"11am-3pm\"}'),('D257','Dr. Olivia','Wilson','Geriatrics','555-7344','olivia.wilson@clinic.com','{\"Thursday\": \"3pm-7pm\", \"Friday\": \"11am-3pm\"}'),('D258','Dr. Emma','Moore','Infectious Disease','555-8715','emma.moore@clinic.com','{\"Wednesday\": \"11am-3pm\", \"Tuesday\": \"3pm-7pm\"}'),('D259','Dr. Oliver','Gonzalez','Orthopedics','555-9460','oliver.gonzalez@clinic.com','{\"Monday\": \"11am-3pm\", \"Friday\": \"10am-2pm\"}'),('D26','Dr. James','Taylor','General Surgery','555-5193','james.taylor@clinic.com','{\"Wednesday\": \"3pm-7pm\", \"Thursday\": \"10am-2pm\"}'),('D260','Dr. Amelia','Davis','Urology','555-9563','amelia.davis@clinic.com','{\"Monday\": \"2pm-6pm\", \"Tuesday\": \"9am-1pm\"}'),('D261','Dr. Mason','Jackson','Gynecology','555-7925','mason.jackson@clinic.com','{\"Monday\": \"3pm-7pm\", \"Friday\": \"8am-12pm\"}'),('D262','Dr. Emma','Thomas','General Surgery','555-2151','emma.thomas@clinic.com','{\"Monday\": \"10am-2pm\"}'),('D263','Dr. Olivia','Johnson','Orthopedics','555-4077','olivia.johnson@clinic.com','{\"Tuesday\": \"11am-3pm\", \"Monday\": \"8am-12pm\"}'),('D264','Dr. Sophia','Wilson','Urology','555-6255','sophia.wilson@clinic.com','{\"Friday\": \"10am-2pm\"}'),('D265','Dr. Charlotte','Martin','Geriatrics','555-3325','charlotte.martin@clinic.com','{\"Wednesday\": \"2pm-6pm\", \"Friday\": \"3pm-7pm\"}'),('D266','Dr. Harper','Lopez','Geriatrics','555-8522','harper.lopez@clinic.com','{\"Friday\": \"3pm-7pm\", \"Wednesday\": \"3pm-7pm\"}'),('D267','Dr. Isabella','Gonzalez','Dermatology','555-1016','isabella.gonzalez@clinic.com','{\"Wednesday\": \"11am-3pm\", \"Friday\": \"2pm-6pm\"}'),('D268','Dr. Benjamin','Thomas','Endocrinology','555-5627','benjamin.thomas@clinic.com','{\"Friday\": \"2pm-6pm\", \"Thursday\": \"2pm-6pm\"}'),('D269','Dr. Logan','Moore','Hematology','555-5182','logan.moore@clinic.com','{\"Wednesday\": \"11am-3pm\", \"Thursday\": \"11am-3pm\"}'),('D27','Dr. Charlotte','Thomas','Neurology','555-3914','charlotte.thomas@clinic.com','{\"Friday\": \"2pm-6pm\"}'),('D270','Dr. Charlotte','Rodriguez','Endocrinology','555-7611','charlotte.rodriguez@clinic.com','{\"Wednesday\": \"2pm-6pm\", \"Monday\": \"8am-12pm\"}'),('D271','Dr. Ava','Davis','General Surgery','555-9287','ava.davis@clinic.com','{\"Tuesday\": \"8am-12pm\", \"Friday\": \"11am-3pm\"}'),('D272','Dr. Mason','Miller','Urology','555-2657','mason.miller@clinic.com','{\"Tuesday\": \"8am-12pm\", \"Thursday\": \"11am-3pm\"}'),('D273','Dr. Mia','Jackson','Pulmonology','555-6844','mia.jackson@clinic.com','{\"Monday\": \"2pm-6pm\", \"Tuesday\": \"2pm-6pm\"}'),('D274','Dr. Ava','Brown','Psychiatry','555-7149','ava.brown@clinic.com','{\"Monday\": \"11am-3pm\"}'),('D275','Dr. Isabella','Anderson','Rheumatology','555-2661','isabella.anderson@clinic.com','{\"Thursday\": \"11am-3pm\", \"Tuesday\": \"9am-1pm\"}'),('D276','Dr. Benjamin','Hernandez','Oncology','555-9019','benjamin.hernandez@clinic.com','{\"Friday\": \"8am-12pm\"}'),('D277','Dr. Emma','Thomas','Gynecology','555-4767','emma.thomas@clinic.com','{\"Tuesday\": \"11am-3pm\"}'),('D278','Dr. Ava','Hernandez','Oncology','555-7603','ava.hernandez@clinic.com','{\"Wednesday\": \"2pm-6pm\", \"Tuesday\": \"11am-3pm\"}'),('D279','Dr. Harper','Thomas','Endocrinology','555-4059','harper.thomas@clinic.com','{\"Friday\": \"3pm-7pm\"}'),('D28','Dr. Mason','Jackson','Neurology','555-9048','mason.jackson@clinic.com','{\"Thursday\": \"2pm-6pm\", \"Monday\": \"3pm-7pm\"}'),('D280','Dr. Ethan','Martinez','Endocrinology','555-9404','ethan.martinez@clinic.com','{\"Friday\": \"10am-2pm\"}'),('D281','Dr. Amelia','Jackson','Rheumatology','555-7314','amelia.jackson@clinic.com','{\"Wednesday\": \"10am-2pm\"}'),('D282','Dr. Isabella','Anderson','Pulmonology','555-5014','isabella.anderson@clinic.com','{\"Friday\": \"9am-1pm\", \"Wednesday\": \"3pm-7pm\"}'),('D283','Dr. Oliver','Jones','Infectious Disease','555-8698','oliver.jones@clinic.com','{\"Friday\": \"10am-2pm\", \"Wednesday\": \"2pm-6pm\"}'),('D284','Dr. Harper','Rodriguez','Gastroenterology','555-5282','harper.rodriguez@clinic.com','{\"Thursday\": \"10am-2pm\"}'),('D285','Dr. Harper','Miller','Plastic Surgery','555-2466','harper.miller@clinic.com','{\"Wednesday\": \"10am-2pm\"}'),('D286','Dr. Mia','Brown','Oncology','555-7836','mia.brown@clinic.com','{\"Tuesday\": \"2pm-6pm\"}'),('D287','Dr. Charlotte','Jones','Neurology','555-2305','charlotte.jones@clinic.com','{\"Thursday\": \"2pm-6pm\", \"Monday\": \"3pm-7pm\"}'),('D288','Dr. Logan','Williams','Cardiology','555-5765','logan.williams@clinic.com','{\"Monday\": \"8am-12pm\", \"Wednesday\": \"10am-2pm\"}'),('D289','Dr. Mia','Jackson','Psychiatry','555-9507','mia.jackson@clinic.com','{\"Monday\": \"10am-2pm\", \"Wednesday\": \"8am-12pm\"}'),('D29','Dr. Evelyn','Miller','General Surgery','555-2360','evelyn.miller@clinic.com','{\"Tuesday\": \"10am-2pm\", \"Wednesday\": \"8am-12pm\"}'),('D290','Dr. Mason','Thomas','Pulmonology','555-6234','mason.thomas@clinic.com','{\"Monday\": \"9am-1pm\", \"Friday\": \"10am-2pm\"}'),('D291','Dr. Logan','Garcia','Gynecology','555-2686','logan.garcia@clinic.com','{\"Monday\": \"8am-12pm\", \"Wednesday\": \"2pm-6pm\"}'),('D292','Dr. Alexander','Hernandez','Urology','555-4249','alexander.hernandez@clinic.com','{\"Friday\": \"9am-1pm\"}'),('D293','Dr. Daniel','Gonzalez','Rheumatology','555-5924','daniel.gonzalez@clinic.com','{\"Tuesday\": \"9am-1pm\", \"Wednesday\": \"10am-2pm\"}'),('D294','Dr. Oliver','Jackson','Pediatrics','555-3209','oliver.jackson@clinic.com','{\"Tuesday\": \"10am-2pm\"}'),('D295','Dr. Charlotte','Moore','Infectious Disease','555-2900','charlotte.moore@clinic.com','{\"Tuesday\": \"10am-2pm\", \"Friday\": \"3pm-7pm\"}'),('D296','Dr. Evelyn','Williams','Infectious Disease','555-5436','evelyn.williams@clinic.com','{\"Monday\": \"2pm-6pm\", \"Wednesday\": \"8am-12pm\"}'),('D297','Dr. Oliver','Jones','Orthopedics','555-3993','oliver.jones@clinic.com','{\"Friday\": \"8am-12pm\", \"Thursday\": \"11am-3pm\"}'),('D298','Dr. Mia','Jackson','Urology','555-4455','mia.jackson@clinic.com','{\"Monday\": \"8am-12pm\", \"Friday\": \"9am-1pm\"}'),('D299','Dr. Emma','Rodriguez','Pulmonology','555-1824','emma.rodriguez@clinic.com','{\"Wednesday\": \"3pm-7pm\", \"Friday\": \"2pm-6pm\"}'),('D3','Dr. Amelia','Garcia','Nephrology','555-9813','amelia.garcia@clinic.com','{\"Wednesday\": \"8am-12pm\", \"Thursday\": \"11am-3pm\"}'),('D30','Dr. Amelia','Jones','Geriatrics','555-9598','amelia.jones@clinic.com','{\"Wednesday\": \"11am-3pm\", \"Friday\": \"9am-1pm\"}'),('D300','Dr. Sophia','Johnson','Gynecology','555-7874','sophia.johnson@clinic.com','{\"Friday\": \"10am-2pm\"}'),('D301','Dr. James','Thomas','Pulmonology','555-8967','james.thomas@clinic.com','{\"Friday\": \"8am-12pm\", \"Monday\": \"11am-3pm\"}'),('D302','Dr. Logan','Lopez','Nephrology','555-7946','logan.lopez@clinic.com','{\"Thursday\": \"9am-1pm\", \"Friday\": \"11am-3pm\"}'),('D303','Dr. Sophia','Hernandez','Emergency Medicine','555-6348','sophia.hernandez@clinic.com','{\"Tuesday\": \"11am-3pm\", \"Friday\": \"2pm-6pm\"}'),('D304','Dr. Daniel','Smith','Oncology','555-8358','daniel.smith@clinic.com','{\"Thursday\": \"10am-2pm\", \"Tuesday\": \"9am-1pm\"}'),('D305','Dr. Isabella','Brown','Hematology','555-9216','isabella.brown@clinic.com','{\"Tuesday\": \"10am-2pm\", \"Friday\": \"11am-3pm\"}'),('D306','Dr. Lucas','Jackson','Pediatrics','555-4543','lucas.jackson@clinic.com','{\"Wednesday\": \"2pm-6pm\"}'),('D307','Dr. Benjamin','Jackson','Pediatrics','555-7458','benjamin.jackson@clinic.com','{\"Tuesday\": \"11am-3pm\", \"Friday\": \"2pm-6pm\"}'),('D308','Dr. Amelia','Thomas','Psychiatry','555-3888','amelia.thomas@clinic.com','{\"Monday\": \"8am-12pm\"}'),('D309','Dr. Ethan','Davis','Oncology','555-7743','ethan.davis@clinic.com','{\"Wednesday\": \"10am-2pm\", \"Tuesday\": \"2pm-6pm\"}'),('D31','Dr. Daniel','Taylor','Gynecology','555-8248','daniel.taylor@clinic.com','{\"Friday\": \"2pm-6pm\", \"Tuesday\": \"2pm-6pm\"}'),('D310','Dr. Olivia','Williams','Dermatology','555-8150','olivia.williams@clinic.com','{\"Thursday\": \"2pm-6pm\"}'),('D311','Dr. Harper','Lopez','Oncology','555-1725','harper.lopez@clinic.com','{\"Thursday\": \"2pm-6pm\", \"Wednesday\": \"11am-3pm\"}'),('D312','Dr. Oliver','Jackson','Dermatology','555-8614','oliver.jackson@clinic.com','{\"Monday\": \"10am-2pm\", \"Tuesday\": \"8am-12pm\"}'),('D313','Dr. Isabella','Davis','Urology','555-6407','isabella.davis@clinic.com','{\"Tuesday\": \"2pm-6pm\", \"Wednesday\": \"2pm-6pm\"}'),('D314','Dr. Daniel','Wilson','Urology','555-6102','daniel.wilson@clinic.com','{\"Wednesday\": \"11am-3pm\", \"Friday\": \"8am-12pm\"}'),('D315','Dr. Evelyn','Lopez','Nephrology','555-4718','evelyn.lopez@clinic.com','{\"Wednesday\": \"2pm-6pm\", \"Monday\": \"2pm-6pm\"}'),('D316','Dr. Daniel','Hernandez','Psychiatry','555-6781','daniel.hernandez@clinic.com','{\"Monday\": \"2pm-6pm\", \"Thursday\": \"3pm-7pm\"}'),('D317','Dr. Ava','Williams','Gastroenterology','555-8523','ava.williams@clinic.com','{\"Monday\": \"10am-2pm\", \"Tuesday\": \"11am-3pm\"}'),('D318','Dr. Elijah','Martinez','Urology','555-7473','elijah.martinez@clinic.com','{\"Wednesday\": \"2pm-6pm\", \"Tuesday\": \"3pm-7pm\"}'),('D319','Dr. Lucas','Jackson','General Surgery','555-5812','lucas.jackson@clinic.com','{\"Wednesday\": \"3pm-7pm\", \"Thursday\": \"8am-12pm\"}'),('D32','Dr. Alexander','Williams','Gastroenterology','555-8489','alexander.williams@clinic.com','{\"Thursday\": \"2pm-6pm\", \"Tuesday\": \"9am-1pm\"}'),('D320','Dr. Evelyn','Moore','Pediatrics','555-5825','evelyn.moore@clinic.com','{\"Monday\": \"3pm-7pm\"}'),('D321','Dr. Logan','Rodriguez','Neurology','555-7051','logan.rodriguez@clinic.com','{\"Wednesday\": \"11am-3pm\", \"Thursday\": \"2pm-6pm\"}'),('D322','Dr. Ethan','Wilson','Pediatrics','555-5282','ethan.wilson@clinic.com','{\"Friday\": \"10am-2pm\"}'),('D323','Dr. Lucas','Jones','Orthopedics','555-6633','lucas.jones@clinic.com','{\"Friday\": \"9am-1pm\", \"Wednesday\": \"10am-2pm\"}'),('D324','Dr. Oliver','Johnson','Pediatrics','555-4076','oliver.johnson@clinic.com','{\"Friday\": \"3pm-7pm\", \"Wednesday\": \"3pm-7pm\"}'),('D325','Dr. Benjamin','Davis','Infectious Disease','555-4374','benjamin.davis@clinic.com','{\"Wednesday\": \"10am-2pm\", \"Friday\": \"10am-2pm\"}'),('D326','Dr. James','Moore','Neurology','555-9675','james.moore@clinic.com','{\"Thursday\": \"10am-2pm\", \"Friday\": \"11am-3pm\"}'),('D327','Dr. Ethan','Brown','Hematology','555-2551','ethan.brown@clinic.com','{\"Tuesday\": \"11am-3pm\", \"Wednesday\": \"2pm-6pm\"}'),('D328','Dr. Logan','Garcia','Neurology','555-1308','logan.garcia@clinic.com','{\"Wednesday\": \"10am-2pm\", \"Thursday\": \"9am-1pm\"}'),('D329','Dr. Sophia','Brown','Neurology','555-2260','sophia.brown@clinic.com','{\"Tuesday\": \"8am-12pm\", \"Friday\": \"10am-2pm\"}'),('D33','Dr. Harper','Martin','Geriatrics','555-5712','harper.martin@clinic.com','{\"Monday\": \"11am-3pm\", \"Thursday\": \"2pm-6pm\"}'),('D330','Dr. Emma','Martinez','Pulmonology','555-7180','emma.martinez@clinic.com','{\"Thursday\": \"3pm-7pm\", \"Wednesday\": \"8am-12pm\"}'),('D331','Dr. Daniel','Davis','Infectious Disease','555-6635','daniel.davis@clinic.com','{\"Friday\": \"10am-2pm\", \"Monday\": \"8am-12pm\"}'),('D332','Dr. Olivia','Anderson','Endocrinology','555-7055','olivia.anderson@clinic.com','{\"Thursday\": \"9am-1pm\"}'),('D333','Dr. Charlotte','Martin','General Surgery','555-7865','charlotte.martin@clinic.com','{\"Tuesday\": \"9am-1pm\", \"Friday\": \"11am-3pm\"}'),('D334','Dr. Lucas','Smith','Oncology','555-9545','lucas.smith@clinic.com','{\"Tuesday\": \"9am-1pm\", \"Friday\": \"9am-1pm\"}'),('D335','Dr. Isabella','Wilson','Pulmonology','555-9924','isabella.wilson@clinic.com','{\"Friday\": \"9am-1pm\", \"Monday\": \"10am-2pm\"}'),('D336','Dr. Logan','Brown','Nephrology','555-9214','logan.brown@clinic.com','{\"Monday\": \"11am-3pm\", \"Thursday\": \"2pm-6pm\"}'),('D337','Dr. Emma','Garcia','Neurology','555-8210','emma.garcia@clinic.com','{\"Friday\": \"8am-12pm\"}'),('D338','Dr. Sophia','Smith','Dermatology','555-9034','sophia.smith@clinic.com','{\"Wednesday\": \"2pm-6pm\", \"Monday\": \"10am-2pm\"}'),('D339','Dr. Benjamin','Taylor','Pediatrics','555-2658','benjamin.taylor@clinic.com','{\"Monday\": \"2pm-6pm\"}'),('D34','Dr. Ethan','Gonzalez','Infectious Disease','555-5248','ethan.gonzalez@clinic.com','{\"Thursday\": \"3pm-7pm\", \"Friday\": \"11am-3pm\"}'),('D340','Dr. Olivia','Thomas','Neurology','555-1367','olivia.thomas@clinic.com','{\"Friday\": \"8am-12pm\", \"Monday\": \"3pm-7pm\"}'),('D341','Dr. James','Garcia','Gynecology','555-7021','james.garcia@clinic.com','{\"Friday\": \"10am-2pm\", \"Wednesday\": \"10am-2pm\"}'),('D342','Dr. Oliver','Williams','Orthopedics','555-9339','oliver.williams@clinic.com','{\"Friday\": \"8am-12pm\", \"Tuesday\": \"8am-12pm\"}'),('D343','Dr. Elijah','Lopez','Nephrology','555-5248','elijah.lopez@clinic.com','{\"Tuesday\": \"10am-2pm\", \"Friday\": \"3pm-7pm\"}'),('D344','Dr. Charlotte','Wilson','General Surgery','555-3718','charlotte.wilson@clinic.com','{\"Monday\": \"11am-3pm\"}'),('D345','Dr. Amelia','Brown','Nephrology','555-2535','amelia.brown@clinic.com','{\"Tuesday\": \"3pm-7pm\", \"Monday\": \"9am-1pm\"}'),('D346','Dr. Mia','Moore','Gynecology','555-2589','mia.moore@clinic.com','{\"Friday\": \"8am-12pm\", \"Wednesday\": \"11am-3pm\"}'),('D347','Dr. Olivia','Rodriguez','Hematology','555-9536','olivia.rodriguez@clinic.com','{\"Tuesday\": \"3pm-7pm\", \"Wednesday\": \"9am-1pm\"}'),('D348','Dr. Logan','Johnson','Geriatrics','555-7642','logan.johnson@clinic.com','{\"Thursday\": \"2pm-6pm\", \"Friday\": \"11am-3pm\"}'),('D349','Dr. Mason','Moore','Geriatrics','555-7695','mason.moore@clinic.com','{\"Friday\": \"11am-3pm\", \"Monday\": \"9am-1pm\"}'),('D35','Dr. Daniel','Martinez','Neurology','555-1261','daniel.martinez@clinic.com','{\"Thursday\": \"2pm-6pm\"}'),('D350','Dr. James','Anderson','Oncology','555-6371','james.anderson@clinic.com','{\"Wednesday\": \"8am-12pm\", \"Tuesday\": \"8am-12pm\"}'),('D351','Dr. Elijah','Smith','Emergency Medicine','555-8902','elijah.smith@clinic.com','{\"Monday\": \"3pm-7pm\", \"Tuesday\": \"2pm-6pm\"}'),('D352','Dr. James','Davis','Emergency Medicine','555-3420','james.davis@clinic.com','{\"Thursday\": \"11am-3pm\", \"Monday\": \"8am-12pm\"}'),('D353','Dr. James','Anderson','Infectious Disease','555-8539','james.anderson@clinic.com','{\"Thursday\": \"9am-1pm\", \"Wednesday\": \"2pm-6pm\"}'),('D354','Dr. Olivia','Gonzalez','Geriatrics','555-6228','olivia.gonzalez@clinic.com','{\"Wednesday\": \"3pm-7pm\", \"Tuesday\": \"3pm-7pm\"}'),('D355','Dr. Ava','Martin','Hematology','555-9377','ava.martin@clinic.com','{\"Wednesday\": \"8am-12pm\", \"Thursday\": \"10am-2pm\"}'),('D356','Dr. Lucas','Jones','General Surgery','555-4651','lucas.jones@clinic.com','{\"Friday\": \"2pm-6pm\", \"Wednesday\": \"3pm-7pm\"}'),('D357','Dr. Evelyn','Hernandez','Emergency Medicine','555-8507','evelyn.hernandez@clinic.com','{\"Thursday\": \"10am-2pm\"}'),('D358','Dr. Isabella','Johnson','Plastic Surgery','555-4968','isabella.johnson@clinic.com','{\"Tuesday\": \"2pm-6pm\"}'),('D359','Dr. Daniel','Moore','Urology','555-5318','daniel.moore@clinic.com','{\"Friday\": \"2pm-6pm\", \"Tuesday\": \"8am-12pm\"}'),('D36','Dr. Logan','Gonzalez','Emergency Medicine','555-3860','logan.gonzalez@clinic.com','{\"Friday\": \"10am-2pm\", \"Tuesday\": \"2pm-6pm\"}'),('D360','Dr. Alexander','Brown','Plastic Surgery','555-6974','alexander.brown@clinic.com','{\"Monday\": \"2pm-6pm\"}'),('D361','Dr. Olivia','Brown','Dermatology','555-9293','olivia.brown@clinic.com','{\"Monday\": \"11am-3pm\"}'),('D362','Dr. Emma','Garcia','Endocrinology','555-3253','emma.garcia@clinic.com','{\"Tuesday\": \"2pm-6pm\", \"Friday\": \"2pm-6pm\"}'),('D363','Dr. Amelia','Martin','Orthopedics','555-6243','amelia.martin@clinic.com','{\"Thursday\": \"9am-1pm\", \"Friday\": \"11am-3pm\"}'),('D364','Dr. Charlotte','Lopez','Dermatology','555-5233','charlotte.lopez@clinic.com','{\"Wednesday\": \"8am-12pm\", \"Tuesday\": \"9am-1pm\"}'),('D365','Dr. Logan','Jones','Plastic Surgery','555-7957','logan.jones@clinic.com','{\"Thursday\": \"3pm-7pm\"}'),('D366','Dr. Olivia','Gonzalez','Geriatrics','555-7541','olivia.gonzalez@clinic.com','{\"Thursday\": \"10am-2pm\"}'),('D367','Dr. Evelyn','Martinez','Geriatrics','555-4190','evelyn.martinez@clinic.com','{\"Wednesday\": \"2pm-6pm\", \"Thursday\": \"11am-3pm\"}'),('D368','Dr. Benjamin','Smith','Rheumatology','555-4304','benjamin.smith@clinic.com','{\"Monday\": \"8am-12pm\", \"Tuesday\": \"10am-2pm\"}'),('D369','Dr. Ava','Thomas','Urology','555-7604','ava.thomas@clinic.com','{\"Monday\": \"9am-1pm\", \"Tuesday\": \"3pm-7pm\"}'),('D37','Dr. Alexander','Martin','Gynecology','555-9423','alexander.martin@clinic.com','{\"Tuesday\": \"10am-2pm\", \"Thursday\": \"11am-3pm\"}'),('D370','Dr. Sophia','Lopez','Orthopedics','555-8207','sophia.lopez@clinic.com','{\"Monday\": \"2pm-6pm\", \"Wednesday\": \"3pm-7pm\"}'),('D371','Dr. James','Jones','Endocrinology','555-8053','james.jones@clinic.com','{\"Tuesday\": \"10am-2pm\", \"Friday\": \"2pm-6pm\"}'),('D372','Dr. Ethan','Williams','Cardiology','555-9952','ethan.williams@clinic.com','{\"Wednesday\": \"2pm-6pm\", \"Tuesday\": \"3pm-7pm\"}'),('D373','Dr. Olivia','Garcia','Cardiology','555-6293','olivia.garcia@clinic.com','{\"Tuesday\": \"10am-2pm\", \"Thursday\": \"11am-3pm\"}'),('D374','Dr. Emma','Thomas','General Surgery','555-2632','emma.thomas@clinic.com','{\"Thursday\": \"3pm-7pm\", \"Monday\": \"11am-3pm\"}'),('D375','Dr. James','Williams','Gastroenterology','555-9730','james.williams@clinic.com','{\"Tuesday\": \"10am-2pm\", \"Thursday\": \"8am-12pm\"}'),('D376','Dr. Daniel','Williams','Neurology','555-5907','daniel.williams@clinic.com','{\"Friday\": \"3pm-7pm\"}'),('D377','Dr. Mason','Wilson','Psychiatry','555-4337','mason.wilson@clinic.com','{\"Tuesday\": \"8am-12pm\", \"Monday\": \"2pm-6pm\"}'),('D378','Dr. Logan','Thomas','Rheumatology','555-6855','logan.thomas@clinic.com','{\"Thursday\": \"8am-12pm\"}'),('D379','Dr. Ethan','Taylor','Cardiology','555-5239','ethan.taylor@clinic.com','{\"Tuesday\": \"11am-3pm\", \"Friday\": \"8am-12pm\"}'),('D38','Dr. Evelyn','Anderson','Urology','555-4897','evelyn.anderson@clinic.com','{\"Wednesday\": \"2pm-6pm\", \"Tuesday\": \"2pm-6pm\"}'),('D380','Dr. Charlotte','Rodriguez','Pediatrics','555-9854','charlotte.rodriguez@clinic.com','{\"Tuesday\": \"11am-3pm\"}'),('D381','Dr. Mason','Hernandez','Psychiatry','555-7044','mason.hernandez@clinic.com','{\"Friday\": \"11am-3pm\", \"Thursday\": \"11am-3pm\"}'),('D382','Dr. Elijah','Miller','Psychiatry','555-6656','elijah.miller@clinic.com','{\"Friday\": \"8am-12pm\", \"Tuesday\": \"11am-3pm\"}'),('D383','Dr. Mason','Brown','Gynecology','555-9153','mason.brown@clinic.com','{\"Thursday\": \"9am-1pm\", \"Wednesday\": \"11am-3pm\"}'),('D384','Dr. Benjamin','Rodriguez','Endocrinology','555-8770','benjamin.rodriguez@clinic.com','{\"Tuesday\": \"11am-3pm\"}'),('D385','Dr. Ethan','Gonzalez','Gastroenterology','555-8495','ethan.gonzalez@clinic.com','{\"Tuesday\": \"10am-2pm\", \"Monday\": \"9am-1pm\"}'),('D386','Dr. Ava','Jackson','Psychiatry','555-8190','ava.jackson@clinic.com','{\"Monday\": \"11am-3pm\", \"Friday\": \"9am-1pm\"}'),('D387','Dr. Charlotte','Hernandez','Pediatrics','555-7860','charlotte.hernandez@clinic.com','{\"Friday\": \"8am-12pm\", \"Tuesday\": \"9am-1pm\"}'),('D388','Dr. Daniel','Johnson','Gastroenterology','555-4073','daniel.johnson@clinic.com','{\"Tuesday\": \"10am-2pm\", \"Thursday\": \"9am-1pm\"}'),('D389','Dr. Harper','Taylor','Infectious Disease','555-4008','harper.taylor@clinic.com','{\"Tuesday\": \"10am-2pm\", \"Wednesday\": \"11am-3pm\"}'),('D39','Dr. Logan','Smith','General Surgery','555-9682','logan.smith@clinic.com','{\"Tuesday\": \"9am-1pm\", \"Wednesday\": \"9am-1pm\"}'),('D390','Dr. Mia','Davis','General Surgery','555-5822','mia.davis@clinic.com','{\"Friday\": \"11am-3pm\", \"Thursday\": \"3pm-7pm\"}'),('D391','Dr. Emma','Taylor','Psychiatry','555-5643','emma.taylor@clinic.com','{\"Wednesday\": \"10am-2pm\", \"Thursday\": \"8am-12pm\"}'),('D392','Dr. Oliver','Thomas','Oncology','555-4920','oliver.thomas@clinic.com','{\"Monday\": \"8am-12pm\", \"Tuesday\": \"8am-12pm\"}'),('D393','Dr. Sophia','Davis','Dermatology','555-2654','sophia.davis@clinic.com','{\"Friday\": \"10am-2pm\", \"Monday\": \"10am-2pm\"}'),('D394','Dr. Lucas','Taylor','Orthopedics','555-4199','lucas.taylor@clinic.com','{\"Friday\": \"3pm-7pm\", \"Wednesday\": \"3pm-7pm\"}'),('D395','Dr. Alexander','Hernandez','Plastic Surgery','555-9812','alexander.hernandez@clinic.com','{\"Thursday\": \"3pm-7pm\", \"Friday\": \"9am-1pm\"}'),('D396','Dr. Benjamin','Jackson','Cardiology','555-7205','benjamin.jackson@clinic.com','{\"Wednesday\": \"2pm-6pm\"}'),('D397','Dr. Benjamin','Jones','Geriatrics','555-3704','benjamin.jones@clinic.com','{\"Friday\": \"10am-2pm\", \"Monday\": \"11am-3pm\"}'),('D398','Dr. Benjamin','Martinez','Psychiatry','555-1357','benjamin.martinez@clinic.com','{\"Wednesday\": \"3pm-7pm\", \"Friday\": \"11am-3pm\"}'),('D399','Dr. Elijah','Anderson','Gynecology','555-5120','elijah.anderson@clinic.com','{\"Wednesday\": \"10am-2pm\", \"Tuesday\": \"2pm-6pm\"}'),('D4','Dr. Charlotte','Jackson','Plastic Surgery','555-3056','charlotte.jackson@clinic.com','{\"Monday\": \"9am-1pm\", \"Thursday\": \"9am-1pm\"}'),('D40','Dr. Evelyn','Anderson','Infectious Disease','555-1660','evelyn.anderson@clinic.com','{\"Tuesday\": \"11am-3pm\"}'),('D400','Dr. Benjamin','Lopez','Pediatrics','555-1209','benjamin.lopez@clinic.com','{\"Monday\": \"9am-1pm\", \"Thursday\": \"9am-1pm\"}'),('D401','Dr. Amelia','Gonzalez','Urology','555-8398','amelia.gonzalez@clinic.com','{\"Tuesday\": \"2pm-6pm\", \"Monday\": \"2pm-6pm\"}'),('D402','Dr. Sophia','Williams','Endocrinology','555-5929','sophia.williams@clinic.com','{\"Thursday\": \"2pm-6pm\"}'),('D403','Dr. Sophia','Thomas','Pulmonology','555-8618','sophia.thomas@clinic.com','{\"Thursday\": \"8am-12pm\", \"Tuesday\": \"10am-2pm\"}'),('D404','Dr. James','Martinez','Gastroenterology','555-9032','james.martinez@clinic.com','{\"Monday\": \"8am-12pm\"}'),('D405','Dr. Ava','Jones','Cardiology','555-2652','ava.jones@clinic.com','{\"Tuesday\": \"3pm-7pm\", \"Thursday\": \"8am-12pm\"}'),('D406','Dr. James','Martinez','Dermatology','555-3023','james.martinez@clinic.com','{\"Thursday\": \"11am-3pm\", \"Monday\": \"9am-1pm\"}'),('D407','Dr. Benjamin','Jones','Neurology','555-2029','benjamin.jones@clinic.com','{\"Thursday\": \"11am-3pm\", \"Monday\": \"8am-12pm\"}'),('D408','Dr. Sophia','Johnson','Pulmonology','555-4209','sophia.johnson@clinic.com','{\"Thursday\": \"8am-12pm\", \"Monday\": \"9am-1pm\"}'),('D409','Dr. Evelyn','Martin','Plastic Surgery','555-9129','evelyn.martin@clinic.com','{\"Thursday\": \"11am-3pm\", \"Tuesday\": \"3pm-7pm\"}'),('D41','Dr. Mia','Jackson','Urology','555-4418','mia.jackson@clinic.com','{\"Monday\": \"2pm-6pm\", \"Friday\": \"9am-1pm\"}'),('D410','Dr. Mia','Thomas','Urology','555-7470','mia.thomas@clinic.com','{\"Thursday\": \"9am-1pm\", \"Tuesday\": \"2pm-6pm\"}'),('D411','Dr. Charlotte','Davis','Rheumatology','555-3921','charlotte.davis@clinic.com','{\"Monday\": \"3pm-7pm\", \"Thursday\": \"11am-3pm\"}'),('D412','Dr. Sophia','Lopez','Emergency Medicine','555-2084','sophia.lopez@clinic.com','{\"Monday\": \"3pm-7pm\"}'),('D413','Dr. Charlotte','Thomas','Pulmonology','555-9202','charlotte.thomas@clinic.com','{\"Wednesday\": \"2pm-6pm\"}'),('D414','Dr. Elijah','Jackson','Cardiology','555-4259','elijah.jackson@clinic.com','{\"Friday\": \"9am-1pm\", \"Thursday\": \"11am-3pm\"}'),('D415','Dr. Harper','Jones','Oncology','555-1718','harper.jones@clinic.com','{\"Friday\": \"8am-12pm\", \"Monday\": \"2pm-6pm\"}'),('D416','Dr. Amelia','Anderson','Endocrinology','555-9636','amelia.anderson@clinic.com','{\"Monday\": \"11am-3pm\", \"Thursday\": \"8am-12pm\"}'),('D417','Dr. James','Gonzalez','Psychiatry','555-6050','james.gonzalez@clinic.com','{\"Tuesday\": \"9am-1pm\", \"Monday\": \"8am-12pm\"}'),('D418','Dr. Daniel','Anderson','Infectious Disease','555-3999','daniel.anderson@clinic.com','{\"Monday\": \"8am-12pm\", \"Tuesday\": \"11am-3pm\"}'),('D419','Dr. Logan','Gonzalez','Nephrology','555-6378','logan.gonzalez@clinic.com','{\"Tuesday\": \"3pm-7pm\"}'),('D42','Dr. Evelyn','Smith','Nephrology','555-2579','evelyn.smith@clinic.com','{\"Monday\": \"8am-12pm\", \"Friday\": \"11am-3pm\"}'),('D420','Dr. Isabella','Gonzalez','Hematology','555-9141','isabella.gonzalez@clinic.com','{\"Friday\": \"11am-3pm\", \"Thursday\": \"2pm-6pm\"}'),('D421','Dr. Harper','Johnson','Pediatrics','555-9502','harper.johnson@clinic.com','{\"Friday\": \"8am-12pm\", \"Tuesday\": \"8am-12pm\"}'),('D422','Dr. Elijah','Moore','Urology','555-5368','elijah.moore@clinic.com','{\"Friday\": \"2pm-6pm\", \"Thursday\": \"2pm-6pm\"}'),('D423','Dr. Lucas','Williams','Psychiatry','555-3852','lucas.williams@clinic.com','{\"Friday\": \"9am-1pm\", \"Tuesday\": \"10am-2pm\"}'),('D424','Dr. Isabella','Jackson','Orthopedics','555-3074','isabella.jackson@clinic.com','{\"Friday\": \"11am-3pm\", \"Thursday\": \"10am-2pm\"}'),('D425','Dr. James','Miller','Neurology','555-7924','james.miller@clinic.com','{\"Friday\": \"11am-3pm\", \"Tuesday\": \"11am-3pm\"}'),('D426','Dr. Emma','Brown','Gynecology','555-5696','emma.brown@clinic.com','{\"Tuesday\": \"2pm-6pm\", \"Wednesday\": \"8am-12pm\"}'),('D427','Dr. Oliver','Johnson','Emergency Medicine','555-6286','oliver.johnson@clinic.com','{\"Thursday\": \"8am-12pm\"}'),('D428','Dr. James','Davis','Endocrinology','555-9558','james.davis@clinic.com','{\"Thursday\": \"10am-2pm\", \"Monday\": \"11am-3pm\"}'),('D429','Dr. Sophia','Thomas','Psychiatry','555-1464','sophia.thomas@clinic.com','{\"Friday\": \"3pm-7pm\"}'),('D43','Dr. Elijah','Brown','Gastroenterology','555-1282','elijah.brown@clinic.com','{\"Thursday\": \"10am-2pm\", \"Monday\": \"9am-1pm\"}'),('D430','Dr. Daniel','Jones','Gynecology','555-3811','daniel.jones@clinic.com','{\"Thursday\": \"10am-2pm\", \"Wednesday\": \"3pm-7pm\"}'),('D431','Dr. Ava','Johnson','Orthopedics','555-4374','ava.johnson@clinic.com','{\"Monday\": \"9am-1pm\", \"Thursday\": \"9am-1pm\"}'),('D432','Dr. Daniel','Williams','Psychiatry','555-9086','daniel.williams@clinic.com','{\"Monday\": \"9am-1pm\"}'),('D433','Dr. Amelia','Lopez','Psychiatry','555-3577','amelia.lopez@clinic.com','{\"Wednesday\": \"2pm-6pm\", \"Friday\": \"3pm-7pm\"}'),('D434','Dr. Mia','Anderson','Urology','555-5320','mia.anderson@clinic.com','{\"Thursday\": \"11am-3pm\", \"Wednesday\": \"3pm-7pm\"}'),('D435','Dr. Ava','Garcia','Endocrinology','555-6810','ava.garcia@clinic.com','{\"Thursday\": \"2pm-6pm\", \"Wednesday\": \"3pm-7pm\"}'),('D436','Dr. Isabella','Smith','Neurology','555-6451','isabella.smith@clinic.com','{\"Monday\": \"8am-12pm\"}'),('D437','Dr. Ethan','Davis','Gynecology','555-3882','ethan.davis@clinic.com','{\"Thursday\": \"9am-1pm\", \"Monday\": \"10am-2pm\"}'),('D438','Dr. Logan','Smith','Hematology','555-7376','logan.smith@clinic.com','{\"Monday\": \"2pm-6pm\", \"Thursday\": \"9am-1pm\"}'),('D439','Dr. Lucas','Moore','General Surgery','555-3977','lucas.moore@clinic.com','{\"Friday\": \"8am-12pm\", \"Wednesday\": \"10am-2pm\"}'),('D44','Dr. Harper','Thomas','Orthopedics','555-8460','harper.thomas@clinic.com','{\"Tuesday\": \"3pm-7pm\", \"Friday\": \"8am-12pm\"}'),('D440','Dr. Charlotte','Anderson','Pediatrics','555-5718','charlotte.anderson@clinic.com','{\"Wednesday\": \"9am-1pm\", \"Thursday\": \"11am-3pm\"}'),('D441','Dr. Harper','Martinez','Cardiology','555-6374','harper.martinez@clinic.com','{\"Wednesday\": \"8am-12pm\", \"Monday\": \"10am-2pm\"}'),('D442','Dr. Ethan','Rodriguez','General Surgery','555-5897','ethan.rodriguez@clinic.com','{\"Friday\": \"2pm-6pm\", \"Monday\": \"2pm-6pm\"}'),('D443','Dr. Sophia','Hernandez','Hematology','555-5217','sophia.hernandez@clinic.com','{\"Wednesday\": \"9am-1pm\", \"Thursday\": \"10am-2pm\"}'),('D444','Dr. Evelyn','Garcia','Orthopedics','555-2765','evelyn.garcia@clinic.com','{\"Monday\": \"11am-3pm\", \"Tuesday\": \"10am-2pm\"}'),('D445','Dr. Daniel','Johnson','Psychiatry','555-8758','daniel.johnson@clinic.com','{\"Thursday\": \"8am-12pm\", \"Tuesday\": \"2pm-6pm\"}'),('D446','Dr. Oliver','Rodriguez','Geriatrics','555-3871','oliver.rodriguez@clinic.com','{\"Wednesday\": \"3pm-7pm\", \"Friday\": \"3pm-7pm\"}'),('D447','Dr. Isabella','Gonzalez','Rheumatology','555-4337','isabella.gonzalez@clinic.com','{\"Thursday\": \"10am-2pm\", \"Friday\": \"11am-3pm\"}'),('D448','Dr. Elijah','Brown','Hematology','555-5475','elijah.brown@clinic.com','{\"Wednesday\": \"9am-1pm\", \"Tuesday\": \"2pm-6pm\"}'),('D449','Dr. Evelyn','Brown','Emergency Medicine','555-3377','evelyn.brown@clinic.com','{\"Friday\": \"3pm-7pm\", \"Tuesday\": \"3pm-7pm\"}'),('D45','Dr. Isabella','Jones','Endocrinology','555-3947','isabella.jones@clinic.com','{\"Friday\": \"2pm-6pm\", \"Thursday\": \"3pm-7pm\"}'),('D450','Dr. Evelyn','Miller','Urology','555-2771','evelyn.miller@clinic.com','{\"Wednesday\": \"2pm-6pm\", \"Tuesday\": \"3pm-7pm\"}'),('D451','Dr. Elijah','Taylor','Neurology','555-6751','elijah.taylor@clinic.com','{\"Wednesday\": \"2pm-6pm\", \"Monday\": \"8am-12pm\"}'),('D452','Dr. James','Moore','General Surgery','555-5049','james.moore@clinic.com','{\"Tuesday\": \"10am-2pm\", \"Thursday\": \"8am-12pm\"}'),('D453','Dr. Isabella','Brown','Nephrology','555-9127','isabella.brown@clinic.com','{\"Tuesday\": \"8am-12pm\", \"Monday\": \"3pm-7pm\"}'),('D454','Dr. Lucas','Williams','Pediatrics','555-6873','lucas.williams@clinic.com','{\"Wednesday\": \"3pm-7pm\", \"Tuesday\": \"10am-2pm\"}'),('D455','Dr. Mason','Jackson','Gynecology','555-2656','mason.jackson@clinic.com','{\"Friday\": \"2pm-6pm\"}'),('D456','Dr. Amelia','Williams','Pediatrics','555-8284','amelia.williams@clinic.com','{\"Friday\": \"9am-1pm\"}'),('D457','Dr. Harper','Brown','Pediatrics','555-8373','harper.brown@clinic.com','{\"Friday\": \"8am-12pm\", \"Thursday\": \"11am-3pm\"}'),('D458','Dr. Oliver','Martin','Nephrology','555-4938','oliver.martin@clinic.com','{\"Friday\": \"10am-2pm\", \"Tuesday\": \"9am-1pm\"}'),('D459','Dr. Ava','Smith','Hematology','555-9550','ava.smith@clinic.com','{\"Monday\": \"11am-3pm\", \"Wednesday\": \"8am-12pm\"}'),('D46','Dr. Daniel','Johnson','Orthopedics','555-7727','daniel.johnson@clinic.com','{\"Monday\": \"11am-3pm\", \"Thursday\": \"11am-3pm\"}'),('D460','Dr. Logan','Johnson','Emergency Medicine','555-8323','logan.johnson@clinic.com','{\"Monday\": \"9am-1pm\", \"Friday\": \"3pm-7pm\"}'),('D461','Dr. Daniel','Gonzalez','Dermatology','555-9072','daniel.gonzalez@clinic.com','{\"Tuesday\": \"3pm-7pm\", \"Wednesday\": \"10am-2pm\"}'),('D462','Dr. James','Martin','Emergency Medicine','555-8378','james.martin@clinic.com','{\"Friday\": \"10am-2pm\"}'),('D463','Dr. Oliver','Johnson','Cardiology','555-4932','oliver.johnson@clinic.com','{\"Tuesday\": \"10am-2pm\", \"Wednesday\": \"11am-3pm\"}'),('D464','Dr. Alexander','Johnson','Pulmonology','555-3891','alexander.johnson@clinic.com','{\"Thursday\": \"9am-1pm\", \"Wednesday\": \"9am-1pm\"}'),('D465','Dr. Benjamin','Martin','Psychiatry','555-3145','benjamin.martin@clinic.com','{\"Tuesday\": \"11am-3pm\", \"Thursday\": \"8am-12pm\"}'),('D466','Dr. Charlotte','Lopez','Urology','555-4061','charlotte.lopez@clinic.com','{\"Tuesday\": \"10am-2pm\", \"Thursday\": \"3pm-7pm\"}'),('D467','Dr. Oliver','Rodriguez','Emergency Medicine','555-3940','oliver.rodriguez@clinic.com','{\"Monday\": \"9am-1pm\", \"Friday\": \"2pm-6pm\"}'),('D468','Dr. Ethan','Smith','Pediatrics','555-5082','ethan.smith@clinic.com','{\"Monday\": \"10am-2pm\", \"Tuesday\": \"3pm-7pm\"}'),('D469','Dr. Harper','Wilson','General Surgery','555-2925','harper.wilson@clinic.com','{\"Monday\": \"10am-2pm\"}'),('D47','Dr. Mason','Rodriguez','Geriatrics','555-6482','mason.rodriguez@clinic.com','{\"Monday\": \"3pm-7pm\", \"Tuesday\": \"10am-2pm\"}'),('D470','Dr. Elijah','Smith','Geriatrics','555-3196','elijah.smith@clinic.com','{\"Friday\": \"9am-1pm\"}'),('D471','Dr. Emma','Jackson','Infectious Disease','555-6996','emma.jackson@clinic.com','{\"Friday\": \"8am-12pm\", \"Wednesday\": \"2pm-6pm\"}'),('D472','Dr. Mason','Smith','Geriatrics','555-4515','mason.smith@clinic.com','{\"Monday\": \"8am-12pm\"}'),('D473','Dr. Daniel','Hernandez','Orthopedics','555-9159','daniel.hernandez@clinic.com','{\"Thursday\": \"10am-2pm\", \"Friday\": \"8am-12pm\"}'),('D474','Dr. Alexander','Brown','Pediatrics','555-7210','alexander.brown@clinic.com','{\"Friday\": \"9am-1pm\"}'),('D475','Dr. Sophia','Williams','Neurology','555-5716','sophia.williams@clinic.com','{\"Monday\": \"10am-2pm\", \"Tuesday\": \"11am-3pm\"}'),('D476','Dr. Emma','Thomas','Dermatology','555-2417','emma.thomas@clinic.com','{\"Wednesday\": \"2pm-6pm\"}'),('D477','Dr. Elijah','Rodriguez','Psychiatry','555-2013','elijah.rodriguez@clinic.com','{\"Thursday\": \"9am-1pm\"}'),('D478','Dr. Harper','Lopez','Cardiology','555-9071','harper.lopez@clinic.com','{\"Monday\": \"2pm-6pm\", \"Tuesday\": \"3pm-7pm\"}'),('D479','Dr. Lucas','Smith','Urology','555-3971','lucas.smith@clinic.com','{\"Thursday\": \"2pm-6pm\"}'),('D48','Dr. Isabella','Johnson','Urology','555-2379','isabella.johnson@clinic.com','{\"Thursday\": \"11am-3pm\", \"Friday\": \"9am-1pm\"}'),('D480','Dr. Ava','Gonzalez','Dermatology','555-1583','ava.gonzalez@clinic.com','{\"Thursday\": \"10am-2pm\", \"Monday\": \"9am-1pm\"}'),('D481','Dr. Sophia','Smith','Dermatology','555-4929','sophia.smith@clinic.com','{\"Tuesday\": \"10am-2pm\"}'),('D482','Dr. Evelyn','Taylor','Cardiology','555-6277','evelyn.taylor@clinic.com','{\"Wednesday\": \"3pm-7pm\"}'),('D483','Dr. Logan','Brown','General Surgery','555-6984','logan.brown@clinic.com','{\"Wednesday\": \"10am-2pm\", \"Thursday\": \"9am-1pm\"}'),('D484','Dr. Olivia','Smith','Pulmonology','555-3136','olivia.smith@clinic.com','{\"Tuesday\": \"2pm-6pm\"}'),('D485','Dr. Elijah','Smith','Emergency Medicine','555-8868','elijah.smith@clinic.com','{\"Friday\": \"2pm-6pm\", \"Thursday\": \"8am-12pm\"}'),('D486','Dr. Amelia','Wilson','Gynecology','555-7831','amelia.wilson@clinic.com','{\"Tuesday\": \"9am-1pm\"}'),('D487','Dr. Lucas','Johnson','Geriatrics','555-5129','lucas.johnson@clinic.com','{\"Thursday\": \"9am-1pm\"}'),('D488','Dr. Mia','Taylor','Plastic Surgery','555-5701','mia.taylor@clinic.com','{\"Monday\": \"9am-1pm\", \"Wednesday\": \"3pm-7pm\"}'),('D489','Dr. James','Williams','Rheumatology','555-9374','james.williams@clinic.com','{\"Wednesday\": \"3pm-7pm\", \"Friday\": \"2pm-6pm\"}'),('D49','Dr. Logan','Johnson','General Surgery','555-5597','logan.johnson@clinic.com','{\"Tuesday\": \"2pm-6pm\", \"Friday\": \"2pm-6pm\"}'),('D490','Dr. Daniel','Davis','Plastic Surgery','555-3667','daniel.davis@clinic.com','{\"Monday\": \"8am-12pm\", \"Wednesday\": \"3pm-7pm\"}'),('D491','Dr. Logan','Davis','Rheumatology','555-3474','logan.davis@clinic.com','{\"Wednesday\": \"8am-12pm\", \"Tuesday\": \"2pm-6pm\"}'),('D492','Dr. Oliver','Smith','Pulmonology','555-2173','oliver.smith@clinic.com','{\"Friday\": \"2pm-6pm\"}'),('D493','Dr. James','Gonzalez','Gynecology','555-8461','james.gonzalez@clinic.com','{\"Wednesday\": \"2pm-6pm\", \"Friday\": \"10am-2pm\"}'),('D494','Dr. Alexander','Johnson','Orthopedics','555-2615','alexander.johnson@clinic.com','{\"Friday\": \"11am-3pm\", \"Monday\": \"3pm-7pm\"}'),('D495','Dr. Oliver','Garcia','Gastroenterology','555-1745','oliver.garcia@clinic.com','{\"Friday\": \"10am-2pm\", \"Wednesday\": \"9am-1pm\"}'),('D496','Dr. Sophia','Rodriguez','Endocrinology','555-3599','sophia.rodriguez@clinic.com','{\"Monday\": \"3pm-7pm\", \"Wednesday\": \"10am-2pm\"}'),('D497','Dr. Elijah','Martinez','Cardiology','555-1325','elijah.martinez@clinic.com','{\"Monday\": \"11am-3pm\", \"Wednesday\": \"10am-2pm\"}'),('D498','Dr. Mason','Jackson','Orthopedics','555-3522','mason.jackson@clinic.com','{\"Wednesday\": \"9am-1pm\", \"Friday\": \"8am-12pm\"}'),('D499','Dr. Elijah','Davis','Pulmonology','555-4518','elijah.davis@clinic.com','{\"Thursday\": \"8am-12pm\"}'),('D5','Dr. Evelyn','Smith','Geriatrics','555-3219','evelyn.smith@clinic.com','{\"Wednesday\": \"2pm-6pm\", \"Thursday\": \"2pm-6pm\"}'),('D50','Dr. Alexander','Gonzalez','General Surgery','555-6111','alexander.gonzalez@clinic.com','{\"Tuesday\": \"2pm-6pm\"}'),('D500','Dr. Evelyn','Jackson','Nephrology','555-3321','evelyn.jackson@clinic.com','{\"Friday\": \"2pm-6pm\", \"Thursday\": \"10am-2pm\"}'),('D51','Dr. Ava','Davis','Plastic Surgery','555-1809','ava.davis@clinic.com','{\"Tuesday\": \"11am-3pm\"}'),('D52','Dr. Daniel','Smith','Oncology','555-9773','daniel.smith@clinic.com','{\"Friday\": \"3pm-7pm\", \"Monday\": \"9am-1pm\"}'),('D53','Dr. Olivia','Thomas','Plastic Surgery','555-9596','olivia.thomas@clinic.com','{\"Friday\": \"3pm-7pm\", \"Wednesday\": \"9am-1pm\"}'),('D54','Dr. Ethan','Gonzalez','Psychiatry','555-5084','ethan.gonzalez@clinic.com','{\"Thursday\": \"11am-3pm\", \"Tuesday\": \"3pm-7pm\"}'),('D55','Dr. Ava','Garcia','Urology','555-8540','ava.garcia@clinic.com','{\"Tuesday\": \"2pm-6pm\", \"Wednesday\": \"2pm-6pm\"}'),('D56','Dr. Mason','Garcia','Orthopedics','555-8166','mason.garcia@clinic.com','{\"Thursday\": \"9am-1pm\", \"Tuesday\": \"9am-1pm\"}'),('D57','Dr. Olivia','Taylor','Oncology','555-3749','olivia.taylor@clinic.com','{\"Thursday\": \"8am-12pm\", \"Friday\": \"8am-12pm\"}'),('D58','Dr. Amelia','Rodriguez','Nephrology','555-6039','amelia.rodriguez@clinic.com','{\"Wednesday\": \"9am-1pm\", \"Thursday\": \"11am-3pm\"}'),('D59','Dr. Evelyn','Rodriguez','Hematology','555-6192','evelyn.rodriguez@clinic.com','{\"Monday\": \"8am-12pm\", \"Friday\": \"10am-2pm\"}'),('D6','Dr. Oliver','Hernandez','Psychiatry','555-3859','oliver.hernandez@clinic.com','{\"Monday\": \"2pm-6pm\", \"Wednesday\": \"2pm-6pm\"}'),('D60','Dr. Mia','Johnson','Hematology','555-6517','mia.johnson@clinic.com','{\"Friday\": \"11am-3pm\", \"Wednesday\": \"10am-2pm\"}'),('D61','Dr. Mason','Johnson','Gastroenterology','555-5169','mason.johnson@clinic.com','{\"Wednesday\": \"11am-3pm\"}'),('D62','Dr. Amelia','Miller','General Surgery','555-9429','amelia.miller@clinic.com','{\"Monday\": \"2pm-6pm\", \"Tuesday\": \"3pm-7pm\"}'),('D63','Dr. Elijah','Miller','Psychiatry','555-7372','elijah.miller@clinic.com','{\"Friday\": \"11am-3pm\", \"Monday\": \"8am-12pm\"}'),('D64','Dr. Mason','Rodriguez','Gastroenterology','555-2061','mason.rodriguez@clinic.com','{\"Thursday\": \"9am-1pm\"}'),('D65','Dr. Amelia','Anderson','Rheumatology','555-8808','amelia.anderson@clinic.com','{\"Friday\": \"9am-1pm\", \"Wednesday\": \"2pm-6pm\"}'),('D66','Dr. Ethan','Johnson','Geriatrics','555-2891','ethan.johnson@clinic.com','{\"Thursday\": \"10am-2pm\", \"Friday\": \"11am-3pm\"}'),('D67','Dr. Olivia','Hernandez','Plastic Surgery','555-5746','olivia.hernandez@clinic.com','{\"Monday\": \"11am-3pm\", \"Tuesday\": \"3pm-7pm\"}'),('D68','Dr. Ethan','Jackson','Psychiatry','555-6358','ethan.jackson@clinic.com','{\"Monday\": \"10am-2pm\", \"Wednesday\": \"9am-1pm\"}'),('D69','Dr. Sophia','Taylor','Plastic Surgery','555-1998','sophia.taylor@clinic.com','{\"Wednesday\": \"2pm-6pm\", \"Thursday\": \"9am-1pm\"}'),('D7','Dr. Olivia','Martin','General Surgery','555-3031','olivia.martin@clinic.com','{\"Wednesday\": \"11am-3pm\", \"Monday\": \"2pm-6pm\"}'),('D70','Dr. Charlotte','Taylor','Geriatrics','555-3860','charlotte.taylor@clinic.com','{\"Thursday\": \"3pm-7pm\", \"Friday\": \"10am-2pm\"}'),('D71','Dr. Daniel','Johnson','Plastic Surgery','555-2067','daniel.johnson@clinic.com','{\"Friday\": \"8am-12pm\", \"Wednesday\": \"11am-3pm\"}'),('D72','Dr. Daniel','Garcia','Pulmonology','555-1187','daniel.garcia@clinic.com','{\"Thursday\": \"11am-3pm\", \"Monday\": \"10am-2pm\"}'),('D73','Dr. Elijah','Wilson','Gynecology','555-3887','elijah.wilson@clinic.com','{\"Tuesday\": \"2pm-6pm\", \"Wednesday\": \"11am-3pm\"}'),('D74','Dr. Benjamin','Rodriguez','Emergency Medicine','555-5477','benjamin.rodriguez@clinic.com','{\"Tuesday\": \"9am-1pm\", \"Thursday\": \"3pm-7pm\"}'),('D75','Dr. Olivia','Brown','Orthopedics','555-1705','olivia.brown@clinic.com','{\"Friday\": \"2pm-6pm\"}'),('D76','Dr. Oliver','Moore','Pediatrics','555-1031','oliver.moore@clinic.com','{\"Monday\": \"11am-3pm\", \"Friday\": \"3pm-7pm\"}'),('D77','Dr. Emma','Rodriguez','Oncology','555-1214','emma.rodriguez@clinic.com','{\"Tuesday\": \"10am-2pm\"}'),('D78','Dr. James','Hernandez','Geriatrics','555-3896','james.hernandez@clinic.com','{\"Friday\": \"2pm-6pm\", \"Monday\": \"9am-1pm\"}'),('D79','Dr. Elijah','Garcia','General Surgery','555-1808','elijah.garcia@clinic.com','{\"Wednesday\": \"8am-12pm\", \"Thursday\": \"10am-2pm\"}'),('D8','Dr. Logan','Hernandez','Gynecology','555-6044','logan.hernandez@clinic.com','{\"Monday\": \"2pm-6pm\", \"Friday\": \"9am-1pm\"}'),('D80','Dr. Amelia','Jackson','Dermatology','555-9203','amelia.jackson@clinic.com','{\"Thursday\": \"10am-2pm\", \"Friday\": \"8am-12pm\"}'),('D81','Dr. Alexander','Garcia','Neurology','555-1010','alexander.garcia@clinic.com','{\"Tuesday\": \"10am-2pm\", \"Thursday\": \"11am-3pm\"}'),('D82','Dr. Daniel','Williams','Nephrology','555-7810','daniel.williams@clinic.com','{\"Thursday\": \"2pm-6pm\", \"Wednesday\": \"11am-3pm\"}'),('D83','Dr. Alexander','Jones','Geriatrics','555-5759','alexander.jones@clinic.com','{\"Tuesday\": \"2pm-6pm\", \"Wednesday\": \"10am-2pm\"}'),('D84','Dr. Benjamin','Taylor','Gastroenterology','555-9840','benjamin.taylor@clinic.com','{\"Tuesday\": \"9am-1pm\"}'),('D85','Dr. Daniel','Wilson','Pediatrics','555-3826','daniel.wilson@clinic.com','{\"Thursday\": \"2pm-6pm\", \"Wednesday\": \"11am-3pm\"}'),('D86','Dr. Ava','Moore','Dermatology','555-9795','ava.moore@clinic.com','{\"Friday\": \"3pm-7pm\", \"Tuesday\": \"10am-2pm\"}'),('D87','Dr. Ava','Jones','Dermatology','555-4302','ava.jones@clinic.com','{\"Thursday\": \"11am-3pm\", \"Friday\": \"10am-2pm\"}'),('D88','Dr. Benjamin','Lopez','Orthopedics','555-6004','benjamin.lopez@clinic.com','{\"Tuesday\": \"10am-2pm\", \"Thursday\": \"9am-1pm\"}'),('D89','Dr. Isabella','Martin','Nephrology','555-1605','isabella.martin@clinic.com','{\"Friday\": \"10am-2pm\", \"Thursday\": \"2pm-6pm\"}'),('D9','Dr. Ethan','Hernandez','Pediatrics','555-9859','ethan.hernandez@clinic.com','{\"Monday\": \"9am-1pm\", \"Wednesday\": \"11am-3pm\"}'),('D90','Dr. Sophia','Wilson','Geriatrics','555-2333','sophia.wilson@clinic.com','{\"Friday\": \"8am-12pm\", \"Monday\": \"11am-3pm\"}'),('D91','Dr. Isabella','Miller','General Surgery','555-3815','isabella.miller@clinic.com','{\"Tuesday\": \"11am-3pm\", \"Friday\": \"9am-1pm\"}'),('D92','Dr. Logan','Johnson','Urology','555-3243','logan.johnson@clinic.com','{\"Monday\": \"11am-3pm\", \"Thursday\": \"2pm-6pm\"}'),('D93','Dr. Benjamin','Martin','Plastic Surgery','555-3074','benjamin.martin@clinic.com','{\"Monday\": \"3pm-7pm\"}'),('D94','Dr. Mia','Jones','Oncology','555-1820','mia.jones@clinic.com','{\"Friday\": \"3pm-7pm\"}'),('D95','Dr. Charlotte','Anderson','Urology','555-3019','charlotte.anderson@clinic.com','{\"Wednesday\": \"3pm-7pm\", \"Tuesday\": \"3pm-7pm\"}'),('D96','Dr. Mia','Hernandez','Gastroenterology','555-7328','mia.hernandez@clinic.com','{\"Monday\": \"2pm-6pm\", \"Wednesday\": \"10am-2pm\"}'),('D97','Dr. Daniel','Miller','Pulmonology','555-3700','daniel.miller@clinic.com','{\"Thursday\": \"2pm-6pm\", \"Friday\": \"9am-1pm\"}'),('D98','Dr. Mia','Gonzalez','Hematology','555-1128','mia.gonzalez@clinic.com','{\"Thursday\": \"2pm-6pm\"}'),('D99','Dr. Mia','Wilson','Geriatrics','555-8493','mia.wilson@clinic.com','{\"Monday\": \"11am-3pm\", \"Thursday\": \"10am-2pm\"}');
/*!40000 ALTER TABLE `doctors` ENABLE KEYS */;
UNLOCK TABLES;

--
-- Table structure for table `hospitalexpenses`
--

DROP TABLE IF EXISTS `hospitalexpenses`;
/*!40101 SET @saved_cs_client     = @@character_set_client */;
/*!50503 SET character_set_client = utf8mb4 */;
CREATE TABLE `hospitalexpenses` (
  `expense_id` varchar(20) NOT NULL,
  `expense_type` varchar(255) NOT NULL,
  `amount` decimal(10,2) NOT NULL,
  `expense_date` date NOT NULL,
  `description` text DEFAULT NULL,
  PRIMARY KEY (`expense_id`)
) ENGINE=InnoDB DEFAULT CHARSET=utf8mb4 COLLATE=utf8mb4_general_ci;
/*!40101 SET character_set_client = @saved_cs_client */;

--
-- Dumping data for table `hospitalexpenses`
--

LOCK TABLES `hospitalexpenses` WRITE;
/*!40000 ALTER TABLE `hospitalexpenses` DISABLE KEYS */;
INSERT INTO `hospitalexpenses` VALUES ('E1','Medical Supplies',5000.00,'2025-03-01','Purchase of surgical instruments and general medical supplies.'),('E10','Marketing & Advertising',1200.00,'2025-03-10','Cost of promoting hospital services through digital and offline media.'),('E2','Salaries',25000.00,'2025-03-02','Salaries for all healthcare staff including doctors and nurses for the month of March.'),('E3','Overhead',1500.00,'2025-03-03','Electricity and water bills for the hospital premises.'),('E4','Miscellaneous',750.00,'2025-03-04','Unplanned expenses including cleaning services and maintenance.'),('E5','Medical Supplies',3200.00,'2025-03-05','Purchases for essential medical consumables and instruments.'),('E6','Pharmaceuticals',6000.00,'2025-03-06','Bulk purchase of common medications and painkillers.'),('E7','Rent',18000.00,'2025-03-07','Monthly rental for the hospital building and surrounding premises.'),('E8','Insurance',10000.00,'2025-03-08','Annual insurance premium payment for hospital coverage.'),('E9','Training & Development',3500.00,'2025-03-09','Training expenses for healthcare professionals and new medical procedures.');
/*!40000 ALTER TABLE `hospitalexpenses` ENABLE KEYS */;
UNLOCK TABLES;

--
-- Table structure for table `medicationinventory`
--

DROP TABLE IF EXISTS `medicationinventory`;
/*!40101 SET @saved_cs_client     = @@character_set_client */;
/*!50503 SET character_set_client = utf8mb4 */;
CREATE TABLE `medicationinventory` (
  `medication_id` varchar(20) NOT NULL,
  `medication_name` varchar(100) NOT NULL,
  `stock_level` int(11) NOT NULL,
  `reorder_level` int(11) NOT NULL,
  `price` decimal(10,2) NOT NULL,
  `prescription_count` int(11) DEFAULT 0,
  PRIMARY KEY (`medication_id`)
) ENGINE=InnoDB DEFAULT CHARSET=utf8mb4 COLLATE=utf8mb4_general_ci;
/*!40101 SET character_set_client = @saved_cs_client */;

--
-- Dumping data for table `medicationinventory`
--

LOCK TABLES `medicationinventory` WRITE;
/*!40000 ALTER TABLE `medicationinventory` DISABLE KEYS */;
INSERT INTO `medicationinventory` VALUES ('M1','Paracetamol',100,20,5.50,150),('M10','Losartan',85,20,14.00,130),('M11','Diphenhydramine',90,20,7.40,180),('M12','Hydrochlorothiazide',110,30,5.50,200),('M13','Furosemide',75,15,8.20,160),('M14','Carbamazepine',60,15,14.50,130),('M15','Levofloxacin',50,10,20.30,110),('M16','Doxycycline',100,25,9.80,150),('M17','Fluoxetine',85,20,15.00,135),('M18','Tamsulosin',120,25,12.60,175),('M19','Ciprofloxacin',70,15,11.10,140),('M2','Ibuprofen',75,15,7.25,120),('M20','Venlafaxine',90,20,17.80,190),('M21','Metoprolol',65,15,13.50,125),('M22','Prednisone',55,10,21.00,115),('M23','Simvastatin',80,20,18.40,150),('M24','Gabapentin',95,25,16.20,170),('M25','Tramadol',60,15,10.50,140),('M26','Zolpidem',110,30,7.60,200),('M27','Mirtazapine',70,15,12.90,125),('M28','Alprazolam',130,25,6.10,180),('M29','Oxycodone',90,20,22.50,160),('M3','Amoxicillin',50,10,12.80,80),('M30','Budesonide',75,15,11.50,140),('M31','Amlodipine',100,25,9.00,155),('M32','Clopidogrel',80,20,13.40,145),('M33','Ezetimibe',85,20,10.80,160),('M34','Trazodone',95,25,14.20,175),('M35','Baclofen',60,10,8.90,110),('M36','Metronidazole',110,30,12.30,180),('M37','Benzonatate',70,15,7.80,130),('M38','Citalopram',65,15,14.40,120),('M39','Lorazepam',100,25,10.60,160),('M4','Cetirizine',120,25,6.30,180),('M40','Sertraline',90,20,16.70,150),('M41','Duloxetine',115,25,19.50,180),('M42','Montelukast',80,15,13.80,140),('M5','Metformin',80,20,9.40,200),('M6','Aspirin',90,15,4.75,95),('M7','Omeprazole',60,15,11.00,110),('M8','Lisinopril',70,20,15.60,100),('M9','Atorvastatin',110,30,22.90,160);
/*!40000 ALTER TABLE `medicationinventory` ENABLE KEYS */;
UNLOCK TABLES;

--
-- Table structure for table `patients`
--

DROP TABLE IF EXISTS `patients`;
/*!40101 SET @saved_cs_client     = @@character_set_client */;
/*!50503 SET character_set_client = utf8mb4 */;
CREATE TABLE `patients` (
  `patient_id` varchar(10) NOT NULL,
  `first_name` varchar(100) DEFAULT NULL,
  `last_name` varchar(100) DEFAULT NULL,
  `dob` date DEFAULT NULL,
  `contact_number` varchar(15) DEFAULT NULL,
  `email` varchar(100) DEFAULT NULL,
  `address` text DEFAULT NULL,
  `medical_history` text DEFAULT NULL,
  `assigned_doctor_id` varchar(10) DEFAULT NULL,
  `age` int(11) DEFAULT NULL,
  `gender` varchar(10) DEFAULT NULL,
  PRIMARY KEY (`patient_id`),
  KEY `assigned_doctor_id` (`assigned_doctor_id`),
  CONSTRAINT `patients_ibfk_1` FOREIGN KEY (`assigned_doctor_id`) REFERENCES `doctors` (`doctor_id`)
) ENGINE=InnoDB DEFAULT CHARSET=utf8mb4 COLLATE=utf8mb4_general_ci;
/*!40101 SET character_set_client = @saved_cs_client */;

--
-- Dumping data for table `patients`
--

LOCK TABLES `patients` WRITE;
/*!40000 ALTER TABLE `patients` DISABLE KEYS */;
INSERT INTO `patients` VALUES ('P1','Jean','Darkholme','2001-02-22','453-887-8788','jean.darkholme1@example.com','Mandaluyong','Pneumonia','D167',24,'Female'),('P10','Steve','Frost','1948-02-23','854-639-5596','steve.frost10@example.com','Makati City','Anemia','D330',77,'Female'),('P100','Hank','Howlett','2016-06-27','426-558-9774','hank.howlett100@example.com','Quezon City','Pneumonia','D111',9,'Male'),('P101','Kurt','Wagner','2005-09-24','337-239-3928','kurt.wagner101@example.com','Pasig','Pneumonia','D232',20,'Male'),('P102','Jean','Frost','2020-03-18','748-336-9795','jean.frost102@example.com','Paranaque','Diabetes','D418',5,'Male'),('P103','Bobby','Stark','1967-10-10','155-123-2020','bobby.stark103@example.com','Pasig','Allergies','D86',58,'Female'),('P104','Jean','Parker','1970-04-28','240-543-8025','jean.parker104@example.com','Mandaluyong','No known allergies','D355',55,'Female'),('P105','Tony','Rogers','2021-11-01','493-225-7470','tony.rogers105@example.com','Quezon City','Tuberculosis','D111',4,'Male'),('P106','Scott','Summers','2003-08-14','277-619-1667','scott.summers106@example.com','Taguig','Asthma','D64',22,'Female'),('P107','Arthur','Allen','1966-01-19','142-395-6938','arthur.allen107@example.com','Las Pinas','Heart Disease','D226',59,'Female'),('P108','Hank','Romanoff','2013-02-13','851-234-1424','hank.romanoff108@example.com','Makati City','No known allergies','D74',12,'Female'),('P109','Barry','Wagner','1930-05-13','541-803-2640','barry.wagner109@example.com','Mandaluyong','Hepatitis','D112',95,'Female'),('P11','Hank','Grey','1944-05-27','730-866-1720','hank.grey11@example.com','Mandaluyong','Diabetes','D124',81,'Female'),('P110','Bobby','Darkholme','1940-05-06','675-303-3751','bobby.darkholme110@example.com','Taguig','Pneumonia','D199',85,'Female'),('P111','Diana','Howlett','2006-09-24','112-240-1966','diana.howlett111@example.com','Caloocan','Tuberculosis','D99',19,'Male'),('P112','Kurt','Grey','2018-10-03','336-276-3342','kurt.grey112@example.com','Makati City','No known allergies','D130',7,'Female'),('P113','Barry','Drake','1948-04-29','586-986-7677','barry.drake113@example.com','Mandaluyong','No known allergies','D344',77,'Female'),('P114','Bobby','Prince','1968-04-28','277-769-7189','bobby.prince114@example.com','Paranaque','Sinusitis','D371',57,'Female'),('P115','Logan','McCoy','1950-05-05','184-700-9427','logan.mccoy115@example.com','Taguig','Hepatitis','D290',75,'Female'),('P116','Peter','Darkholme','1942-03-24','577-554-1032','peter.darkholme116@example.com','Paranaque','No known allergies','D317',83,'Female'),('P117','Tony','Kent','1986-01-28','445-631-5278','tony.kent117@example.com','Pasig','Gastritis','D322',39,'Male'),('P118','Clark','Grey','1994-07-05','755-313-2500','clark.grey118@example.com','Manila','Pneumonia','D215',31,'Male'),('P119','Diana','Prince','2021-09-22','224-206-6489','diana.prince119@example.com','Pasig','Gastritis','D445',4,'Female'),('P12','Kurt','Howlett','1974-04-15','403-865-6701','kurt.howlett12@example.com','Manila','Hepatitis','D251',51,'Male'),('P120','Hank','Howlett','1994-05-01','169-181-7566','hank.howlett120@example.com','Taguig','Bronchitis','D443',31,'Male'),('P121','Clark','Parker','1956-08-02','942-199-3174','clark.parker121@example.com','Las Pinas','Allergies','D340',69,'Male'),('P122','Wanda','Grey','1994-06-06','937-875-4844','wanda.grey122@example.com','Pasig','Sinusitis','D154',31,'Female'),('P123','Charles','Stark','1999-10-05','273-663-1022','charles.stark123@example.com','Manila','Pneumonia','D42',26,'Male'),('P124','Bobby','Drake','1937-12-08','358-459-4081','bobby.drake124@example.com','Paranaque','Migraines','D489',88,'Male'),('P125','Logan','Wayne','1988-01-09','776-988-5548','logan.wayne125@example.com','Paranaque','Tuberculosis','D374',37,'Female'),('P126','Logan','Xavier','2007-06-28','787-487-5250','logan.xavier126@example.com','Paranaque','Tuberculosis','D78',18,'Female'),('P127','Bobby','Allen','1984-08-20','478-501-4771','bobby.allen127@example.com','Caloocan','Diabetes','D117',41,'Female'),('P128','Steve','Prince','1990-07-04','960-253-6155','steve.prince128@example.com','Caloocan','No known allergies','D275',35,'Male'),('P129','Diana','Wagner','2002-08-20','733-728-4313','diana.wagner129@example.com','Makati City','Diabetes','D189',23,'Female'),('P13','Wanda','Prince','1923-05-27','605-419-8010','wanda.prince13@example.com','Paranaque','Migraines','D208',102,'Female'),('P130','Bruce','Munroe','2019-09-21','470-200-4324','bruce.munroe130@example.com','Makati City','Asthma','D121',6,'Male'),('P131','Steve','Romanoff','1932-04-10','518-313-7105','steve.romanoff131@example.com','Makati City','Sinusitis','D180',93,'Female'),('P132','Steve','Allen','1976-03-31','588-197-6454','steve.allen132@example.com','Caloocan','Tuberculosis','D349',49,'Male'),('P133','Bobby','Allen','1929-04-13','439-780-6012','bobby.allen133@example.com','Paranaque','Diabetes','D206',96,'Male'),('P134','Diana','Wagner','1929-12-14','939-331-1115','diana.wagner134@example.com','Taguig','Heart Disease','D224',96,'Female'),('P135','Kurt','Parker','1978-05-01','960-816-5849','kurt.parker135@example.com','Paranaque','Eczema','D427',47,'Female'),('P136','Logan','Summers','1949-09-08','556-886-3077','logan.summers136@example.com','Mandaluyong','No known allergies','D131',76,'Male'),('P137','Peter','Maximoff','1959-08-11','398-252-6028','peter.maximoff137@example.com','Caloocan','Migraines','D342',66,'Female'),('P138','Bruce','Darkholme','1995-09-07','940-700-4235','bruce.darkholme138@example.com','Las Pinas','Flu','D471',30,'Female'),('P139','Emma','Wagner','1938-07-29','772-646-8088','emma.wagner139@example.com','Pasig','Anxiety','D490',87,'Female'),('P14','Bruce','Frost','2007-04-16','418-441-7437','bruce.frost14@example.com','Taguig','Migraines','D405',18,'Male'),('P140','Peter','Prince','1984-08-23','398-571-8375','peter.prince140@example.com','Quezon City','Flu','D423',41,'Male'),('P141','Clark','Frost','1994-08-29','915-169-6119','clark.frost141@example.com','Quezon City','No known allergies','D260',31,'Female'),('P142','Bobby','Parker','1988-06-10','560-880-3279','bobby.parker142@example.com','Makati City','Anemia','D436',37,'Female'),('P143','Hank','Grey','1944-04-22','703-120-4436','hank.grey143@example.com','Marikina','Epilepsy','D41',81,'Female'),('P144','Logan','Allen','1981-12-15','271-924-5074','logan.allen144@example.com','Marikina','Heart Disease','D228',44,'Female'),('P145','Arthur','Allen','1946-12-13','950-574-3013','arthur.allen145@example.com','Quezon City','Flu','D142',79,'Female'),('P146','Hank','Howlett','1967-02-03','169-161-1166','hank.howlett146@example.com','Mandaluyong','Anemia','D59',58,'Male'),('P147','Bruce','Maximoff','1935-03-26','514-139-4058','bruce.maximoff147@example.com','Manila','Heart Disease','D468',90,'Female'),('P148','Emma','Stark','1930-02-09','201-858-8029','emma.stark148@example.com','Pasig','Heart Disease','D45',95,'Female'),('P149','Raven','Frost','1920-01-18','178-711-4279','raven.frost149@example.com','Taguig','Diabetes','D61',105,'Female'),('P15','Barry','Curry','1996-07-10','630-779-6354','barry.curry15@example.com','Mandaluyong','Flu','D206',29,'Female'),('P150','Scott','Rogers','1991-08-22','427-710-9949','scott.rogers150@example.com','Quezon City','Tuberculosis','D273',34,'Female'),('P151','Ororo','Wayne','1938-01-13','367-848-8840','ororo.wayne151@example.com','Makati City','Pneumonia','D327',87,'Female'),('P152','Ororo','Romanoff','1977-11-08','968-871-2084','ororo.romanoff152@example.com','Pasig','Anemia','D321',48,'Female'),('P153','Hank','Howlett','1952-04-10','639-438-6541','hank.howlett153@example.com','Makati City','Hepatitis','D230',73,'Female'),('P154','Raven','Romanoff','1942-01-18','864-183-2470','raven.romanoff154@example.com','Quezon City','Anemia','D453',83,'Male'),('P155','Tony','Darkholme','2012-07-26','976-510-4082','tony.darkholme155@example.com','Caloocan','Epilepsy','D34',13,'Female'),('P156','Charles','Grey','2010-08-12','906-933-7791','charles.grey156@example.com','Manila','Flu','D65',15,'Male'),('P157','Clark','Drake','1972-08-23','231-788-8422','clark.drake157@example.com','Marikina','Hypertension','D451',53,'Male'),('P158','Ororo','Allen','1939-03-23','662-337-3740','ororo.allen158@example.com','Quezon City','Depression','D352',86,'Male'),('P159','Diana','Kent','1963-03-08','532-596-1884','diana.kent159@example.com','Marikina','Epilepsy','D106',62,'Male'),('P16','Emma','McCoy','2000-05-30','925-922-5267','emma.mccoy16@example.com','Paranaque','Diabetes','D56',25,'Female'),('P160','Raven','Howlett','1985-05-13','872-898-8371','raven.howlett160@example.com','Mandaluyong','Eczema','D108',40,'Male'),('P161','Tony','Howlett','2015-07-30','986-181-1578','tony.howlett161@example.com','Quezon City','Pneumonia','D376',10,'Female'),('P162','Charles','Munroe','1989-08-12','206-911-9770','charles.munroe162@example.com','Paranaque','Bronchitis','D248',36,'Male'),('P163','Scott','Romanoff','2016-07-04','169-324-9468','scott.romanoff163@example.com','Quezon City','Asthma','D340',9,'Female'),('P164','Tony','Parker','1950-11-11','885-916-7084','tony.parker164@example.com','Manila','Heart Disease','D405',75,'Female'),('P165','Arthur','Stark','1970-01-28','962-725-2530','arthur.stark165@example.com','Quezon City','Eczema','D426',55,'Male'),('P166','Logan','Wayne','1926-04-02','251-295-3891','logan.wayne166@example.com','Quezon City','Sinusitis','D161',99,'Male'),('P167','Clark','McCoy','1920-07-05','495-637-9587','clark.mccoy167@example.com','Las Pinas','Flu','D366',105,'Female'),('P168','Clark','Grey','1923-08-15','367-472-9376','clark.grey168@example.com','Taguig','Hypertension','D161',102,'Male'),('P169','Logan','Howlett','1975-12-19','807-295-4442','logan.howlett169@example.com','Caloocan','Diabetes','D260',50,'Female'),('P17','Diana','Maximoff','2017-01-22','552-589-2134','diana.maximoff17@example.com','Manila','Asthma','D329',8,'Female'),('P170','Kurt','Grey','2006-06-28','119-505-6023','kurt.grey170@example.com','Pasig','Heart Disease','D80',19,'Male'),('P171','Clark','Stark','2019-11-20','800-874-3820','clark.stark171@example.com','Mandaluyong','Hepatitis','D34',6,'Female'),('P172','Arthur','Summers','1921-06-08','690-265-2112','arthur.summers172@example.com','Quezon City','Arthritis','D460',104,'Female'),('P173','Steve','Kent','2007-07-24','301-443-2530','steve.kent173@example.com','Makati City','Allergies','D137',18,'Female'),('P174','Bruce','Stark','1933-01-23','234-216-7629','bruce.stark174@example.com','Quezon City','Anxiety','D160',92,'Male'),('P175','Scott','Curry','1920-05-06','694-621-5244','scott.curry175@example.com','Mandaluyong','Asthma','D351',105,'Male'),('P176','Barry','Rogers','1994-05-28','610-784-8558','barry.rogers176@example.com','Las Pinas','Allergies','D422',31,'Female'),('P177','Bobby','Kent','1952-02-24','858-626-1254','bobby.kent177@example.com','Las Pinas','Migraines','D440',73,'Male'),('P178','Wanda','Maximoff','1959-05-31','281-736-1737','wanda.maximoff178@example.com','Quezon City','Tuberculosis','D163',66,'Female'),('P179','Logan','Xavier','2013-10-22','743-936-5843','logan.xavier179@example.com','Pasig','No known allergies','D269',12,'Male'),('P18','Jean','Wayne','1971-02-26','124-134-5536','jean.wayne18@example.com','Taguig','Anxiety','D346',54,'Male'),('P180','Bobby','Allen','1993-05-17','919-889-8861','bobby.allen180@example.com','Marikina','Anxiety','D487',32,'Male'),('P181','Bruce','Munroe','2017-02-19','199-292-3911','bruce.munroe181@example.com','Mandaluyong','Hypertension','D71',8,'Male'),('P182','Hank','Frost','1990-10-09','159-148-2108','hank.frost182@example.com','Marikina','Tuberculosis','D166',35,'Male'),('P183','Emma','Summers','1953-06-30','738-561-9255','emma.summers183@example.com','Caloocan','Migraines','D445',72,'Male'),('P184','Diana','McCoy','1991-10-28','591-580-8152','diana.mccoy184@example.com','Manila','Diabetes','D37',34,'Male'),('P185','Hank','Parker','1923-09-12','795-582-2105','hank.parker185@example.com','Taguig','Heart Disease','D421',102,'Male'),('P186','Bobby','Frost','1992-12-03','275-924-1786','bobby.frost186@example.com','Las Pinas','Diabetes','D493',33,'Female'),('P187','Barry','Curry','1962-08-14','812-731-8743','barry.curry187@example.com','Caloocan','Gastritis','D154',63,'Female'),('P188','Charles','Romanoff','1995-12-01','200-591-4971','charles.romanoff188@example.com','Taguig','Pneumonia','D329',30,'Male'),('P189','Peter','Rogers','1959-10-19','179-536-5191','peter.rogers189@example.com','Taguig','Asthma','D389',66,'Female'),('P19','Natasha','Howlett','2018-02-06','904-797-4137','natasha.howlett19@example.com','Paranaque','Sinusitis','D94',7,'Male'),('P190','Scott','Kent','2023-07-18','407-466-9689','scott.kent190@example.com','Caloocan','Migraines','D35',2,'Female'),('P191','Barry','Xavier','2016-04-20','810-410-3328','barry.xavier191@example.com','Paranaque','Allergies','D3',9,'Female'),('P192','Arthur','Wayne','2006-05-28','260-431-9478','arthur.wayne192@example.com','Marikina','Heart Disease','D82',19,'Female'),('P193','Scott','Curry','1967-11-27','473-315-1014','scott.curry193@example.com','Mandaluyong','Tuberculosis','D245',58,'Female'),('P194','Hank','Stark','1942-03-19','621-725-2118','hank.stark194@example.com','Caloocan','Anxiety','D474',83,'Male'),('P195','Scott','Parker','1964-05-09','446-647-9548','scott.parker195@example.com','Quezon City','Allergies','D215',61,'Female'),('P196','Steve','Frost','1960-07-12','424-755-5053','steve.frost196@example.com','Las Pinas','Anxiety','D277',65,'Female'),('P197','Barry','Howlett','1954-05-09','368-881-6620','barry.howlett197@example.com','Marikina','Anxiety','D470',71,'Female'),('P198','Steve','Darkholme','1997-06-03','888-846-6454','steve.darkholme198@example.com','Paranaque','Allergies','D164',28,'Female'),('P199','Wanda','Munroe','2011-08-15','735-740-8794','wanda.munroe199@example.com','Marikina','Hypertension','D124',14,'Male'),('P2','Barry','Allen','1953-10-12','642-932-6078','barry.allen2@example.com','Las Pinas','Migraines','D278',72,'Female'),('P20','Charles','Grey','1986-03-10','793-893-7108','charles.grey20@example.com','Paranaque','Arthritis','D421',39,'Female'),('P200','Barry','Curry','1956-10-02','330-408-4191','barry.curry200@example.com','Marikina','Tuberculosis','D314',69,'Male'),('P201','Logan','Parker','1953-12-24','296-404-8294','logan.parker201@example.com','Taguig','Hepatitis','D339',72,'Male'),('P202','Logan','Munroe','1932-10-05','564-640-8675','logan.munroe202@example.com','Paranaque','Tuberculosis','D298',93,'Female'),('P203','Arthur','Frost','2011-08-03','248-541-4639','arthur.frost203@example.com','Marikina','Bronchitis','D402',14,'Female'),('P204','Bobby','Darkholme','2022-08-18','228-220-5296','bobby.darkholme204@example.com','Caloocan','Hepatitis','D79',3,'Female'),('P205','Hank','Howlett','1983-12-07','156-257-8650','hank.howlett205@example.com','Makati City','Gastritis','D254',42,'Female'),('P206','Barry','Darkholme','1960-02-03','246-427-7440','barry.darkholme206@example.com','Pasig','Bronchitis','D397',65,'Male'),('P207','Peter','Wayne','1998-09-30','526-908-7475','peter.wayne207@example.com','Las Pinas','Gastritis','D372',27,'Male'),('P208','Natasha','McCoy','1943-05-10','673-318-7479','natasha.mccoy208@example.com','Pasig','Pneumonia','D15',82,'Female'),('P209','Tony','Kent','1929-12-24','176-536-2626','tony.kent209@example.com','Manila','Anxiety','D14',96,'Male'),('P21','Scott','Howlett','1949-05-26','906-142-2784','scott.howlett21@example.com','Pasig','Tuberculosis','D494',76,'Male'),('P210','Steve','Summers','1990-01-11','650-479-6017','steve.summers210@example.com','Taguig','Flu','D467',35,'Male'),('P211','Logan','McCoy','1990-01-11','590-857-4871','logan.mccoy211@example.com','Marikina','Heart Disease','D311',35,'Female'),('P212','Barry','Romanoff','1995-02-05','592-880-3226','barry.romanoff212@example.com','Manila','Epilepsy','D249',30,'Female'),('P213','Charles','Howlett','2022-02-27','517-236-8031','charles.howlett213@example.com','Caloocan','Bronchitis','D195',3,'Female'),('P214','Bruce','Munroe','1984-02-24','345-723-8248','bruce.munroe214@example.com','Las Pinas','Heart Disease','D379',41,'Female'),('P215','Diana','Frost','1984-07-30','642-846-9667','diana.frost215@example.com','Makati City','Hypertension','D161',41,'Male'),('P216','Kurt','Rogers','1958-07-02','433-599-9217','kurt.rogers216@example.com','Taguig','Flu','D272',67,'Female'),('P217','Natasha','Prince','2011-05-05','208-744-1333','natasha.prince217@example.com','Taguig','Anxiety','D302',14,'Male'),('P218','Emma','Rogers','1967-02-13','777-485-3371','emma.rogers218@example.com','Marikina','Gastritis','D114',58,'Male'),('P219','Logan','Rogers','1933-04-18','425-544-3289','logan.rogers219@example.com','Pasig','Pneumonia','D77',92,'Male'),('P22','Logan','Wagner','1963-10-31','637-181-4847','logan.wagner22@example.com','Quezon City','Sinusitis','D437',62,'Female'),('P220','Wanda','Wayne','1931-06-07','811-267-2884','wanda.wayne220@example.com','Taguig','Heart Disease','D366',94,'Female'),('P221','Diana','Howlett','2003-04-28','540-672-4701','diana.howlett221@example.com','Caloocan','Anxiety','D77',22,'Female'),('P222','Peter','Curry','1931-04-25','635-325-3628','peter.curry222@example.com','Paranaque','Arthritis','D447',94,'Male'),('P223','Natasha','Wayne','1938-08-22','414-905-5213','natasha.wayne223@example.com','Marikina','Gastritis','D339',87,'Female'),('P224','Ororo','Wayne','2019-03-20','961-419-2592','ororo.wayne224@example.com','Mandaluyong','Epilepsy','D367',6,'Male'),('P225','Steve','Howlett','1964-01-09','665-137-3845','steve.howlett225@example.com','Quezon City','Hepatitis','D161',61,'Male'),('P226','Natasha','Wagner','1920-01-31','265-527-1631','natasha.wagner226@example.com','Mandaluyong','Hepatitis','D213',105,'Female'),('P227','Steve','Xavier','1954-03-19','310-776-5328','steve.xavier227@example.com','Marikina','Gastritis','D473',71,'Female'),('P228','Clark','Prince','1975-11-17','136-303-4282','clark.prince228@example.com','Taguig','Sinusitis','D496',50,'Female'),('P229','Arthur','Rogers','1926-05-05','754-206-6507','arthur.rogers229@example.com','Manila','Anxiety','D123',99,'Male'),('P23','Steve','Stark','2021-01-24','170-367-6969','steve.stark23@example.com','Quezon City','Asthma','D92',4,'Female'),('P230','Ororo','McCoy','2023-06-25','275-664-8038','ororo.mccoy230@example.com','Pasig','Epilepsy','D407',2,'Male'),('P231','Ororo','Stark','1926-09-18','156-787-9481','ororo.stark231@example.com','Makati City','Arthritis','D205',99,'Male'),('P232','Bruce','Munroe','1995-04-13','245-114-7970','bruce.munroe232@example.com','Las Pinas','Tuberculosis','D115',30,'Female'),('P233','Charles','Prince','1984-10-29','460-605-9713','charles.prince233@example.com','Paranaque','Allergies','D178',41,'Male'),('P234','Tony','Romanoff','2020-11-19','928-349-9392','tony.romanoff234@example.com','Las Pinas','Asthma','D379',5,'Female'),('P235','Natasha','Wayne','2021-04-17','874-415-5238','natasha.wayne235@example.com','Marikina','Anemia','D326',4,'Male'),('P236','Emma','Kent','1956-07-27','888-263-8394','emma.kent236@example.com','Mandaluyong','Diabetes','D238',69,'Male'),('P237','Clark','Wayne','1977-08-24','653-633-6617','clark.wayne237@example.com','Marikina','Diabetes','D390',48,'Male'),('P238','Kurt','Kent','1963-12-17','943-222-3383','kurt.kent238@example.com','Quezon City','Asthma','D492',62,'Female'),('P239','Charles','Drake','1974-06-08','344-646-8467','charles.drake239@example.com','Paranaque','Eczema','D33',51,'Male'),('P24','Arthur','Curry','1969-02-17','380-838-3409','arthur.curry24@example.com','Marikina','Arthritis','D315',56,'Male'),('P240','Charles','Wayne','1927-04-18','170-686-8505','charles.wayne240@example.com','Mandaluyong','Heart Disease','D148',98,'Male'),('P241','Peter','Grey','2015-10-05','382-571-5769','peter.grey241@example.com','Paranaque','Flu','D388',10,'Female'),('P242','Peter','Prince','2023-10-26','131-287-7889','peter.prince242@example.com','Makati City','Anxiety','D327',2,'Male'),('P243','Bobby','Kent','1934-07-27','123-419-7385','bobby.kent243@example.com','Quezon City','Anxiety','D270',91,'Female'),('P244','Steve','Allen','2010-08-26','641-431-3269','steve.allen244@example.com','Las Pinas','Migraines','D285',15,'Female'),('P245','Peter','Summers','1999-04-25','768-916-4191','peter.summers245@example.com','Paranaque','Sinusitis','D17',26,'Male'),('P246','Raven','Drake','1921-01-06','567-918-4549','raven.drake246@example.com','Marikina','Epilepsy','D371',104,'Female'),('P247','Diana','Wagner','1928-06-07','974-565-1819','diana.wagner247@example.com','Taguig','Sinusitis','D30',97,'Male'),('P248','Kurt','McCoy','1938-06-06','101-691-1273','kurt.mccoy248@example.com','Makati City','Hypertension','D370',87,'Female'),('P249','Tony','Romanoff','2008-06-28','195-909-6056','tony.romanoff249@example.com','Caloocan','Eczema','D393',17,'Female'),('P25','Tony','Frost','1969-11-22','314-217-6033','tony.frost25@example.com','Makati City','Flu','D111',56,'Female'),('P250','Barry','Munroe','1976-03-14','442-320-1542','barry.munroe250@example.com','Caloocan','Asthma','D217',49,'Male'),('P251','Bobby','Wayne','2016-11-11','418-497-6284','bobby.wayne251@example.com','Quezon City','Depression','D212',9,'Male'),('P252','Scott','Stark','1973-03-14','274-245-7800','scott.stark252@example.com','Quezon City','No known allergies','D109',52,'Male'),('P253','Arthur','Darkholme','2014-02-15','427-733-2836','arthur.darkholme253@example.com','Pasig','Diabetes','D241',11,'Male'),('P254','Arthur','Allen','1971-01-23','685-467-9231','arthur.allen254@example.com','Caloocan','Anemia','D204',54,'Male'),('P255','Kurt','Frost','2000-03-12','452-121-9954','kurt.frost255@example.com','Las Pinas','Heart Disease','D262',25,'Male'),('P256','Wanda','Wagner','1964-05-18','819-955-9806','wanda.wagner256@example.com','Mandaluyong','Tuberculosis','D334',61,'Female'),('P257','Bobby','Kent','2017-06-19','592-694-2019','bobby.kent257@example.com','Las Pinas','No known allergies','D391',8,'Male'),('P258','Steve','Wayne','1942-02-13','248-414-6027','steve.wayne258@example.com','Makati City','Heart Disease','D99',83,'Male'),('P259','Emma','Wayne','1925-06-03','976-955-5331','emma.wayne259@example.com','Pasig','No known allergies','D251',100,'Male'),('P26','Barry','Prince','1920-05-12','705-220-4306','barry.prince26@example.com','Quezon City','Asthma','D343',105,'Male'),('P260','Kurt','Maximoff','1941-06-20','115-140-5457','kurt.maximoff260@example.com','Taguig','Bronchitis','D204',84,'Female'),('P261','Emma','Xavier','2017-02-21','307-258-7173','emma.xavier261@example.com','Mandaluyong','Migraines','D225',8,'Female'),('P262','Raven','Munroe','1995-04-19','780-393-8171','raven.munroe262@example.com','Makati City','Anemia','D121',30,'Male'),('P263','Natasha','Curry','2007-12-20','843-227-2330','natasha.curry263@example.com','Mandaluyong','Bronchitis','D265',18,'Male'),('P264','Tony','Rogers','2022-05-06','316-440-4146','tony.rogers264@example.com','Caloocan','Sinusitis','D245',3,'Male'),('P265','Diana','Kent','1949-02-18','581-670-9680','diana.kent265@example.com','Taguig','Eczema','D267',76,'Male'),('P266','Kurt','Rogers','1967-06-15','836-436-4887','kurt.rogers266@example.com','Makati City','Anxiety','D71',58,'Female'),('P267','Charles','McCoy','1948-12-28','193-591-8906','charles.mccoy267@example.com','Mandaluyong','Tuberculosis','D275',77,'Female'),('P268','Peter','Prince','1999-12-01','618-915-5795','peter.prince268@example.com','Makati City','Allergies','D227',26,'Male'),('P269','Tony','Drake','1944-01-28','910-908-1487','tony.drake269@example.com','Pasig','Heart Disease','D222',81,'Male'),('P27','Diana','McCoy','1999-02-06','199-885-5352','diana.mccoy27@example.com','Caloocan','Flu','D404',26,'Female'),('P270','Bobby','Kent','1984-10-12','244-675-4613','bobby.kent270@example.com','Caloocan','Migraines','D80',41,'Male'),('P271','Scott','Xavier','1948-09-09','934-642-6011','scott.xavier271@example.com','Quezon City','Asthma','D40',77,'Female'),('P272','Raven','Kent','2006-03-10','740-355-9680','raven.kent272@example.com','Makati City','Depression','D284',19,'Male'),('P273','Tony','Allen','1957-07-05','369-760-9185','tony.allen273@example.com','Caloocan','Asthma','D387',68,'Male'),('P274','Emma','Prince','1993-11-01','337-759-4232','emma.prince274@example.com','Pasig','Heart Disease','D143',32,'Female'),('P275','Raven','Wagner','1936-08-01','143-605-4245','raven.wagner275@example.com','Quezon City','Hepatitis','D227',89,'Male'),('P276','Barry','Summers','1986-09-01','958-688-1570','barry.summers276@example.com','Makati City','Arthritis','D210',39,'Female'),('P277','Bruce','Grey','1989-07-06','425-434-1317','bruce.grey277@example.com','Quezon City','Depression','D389',36,'Male'),('P278','Arthur','Howlett','1962-03-16','117-814-3496','arthur.howlett278@example.com','Las Pinas','Flu','D4',63,'Female'),('P279','Steve','Stark','1956-07-09','155-162-3178','steve.stark279@example.com','Quezon City','Depression','D149',69,'Female'),('P28','Jean','Stark','1986-06-10','724-555-3004','jean.stark28@example.com','Quezon City','Arthritis','D128',39,'Female'),('P280','Steve','Munroe','2014-12-23','806-123-7119','steve.munroe280@example.com','Manila','Tuberculosis','D343',11,'Female'),('P281','Raven','Grey','1990-03-15','729-246-4172','raven.grey281@example.com','Makati City','Pneumonia','D352',35,'Female'),('P282','Scott','McCoy','1953-07-14','674-362-2932','scott.mccoy282@example.com','Las Pinas','Bronchitis','D373',72,'Male'),('P283','Natasha','Summers','2018-01-18','430-950-2220','natasha.summers283@example.com','Pasig','Anemia','D410',7,'Male'),('P284','Scott','Munroe','1972-12-20','104-768-2195','scott.munroe284@example.com','Makati City','Allergies','D392',53,'Male'),('P285','Raven','McCoy','1988-11-27','673-395-9635','raven.mccoy285@example.com','Caloocan','Asthma','D147',37,'Female'),('P286','Steve','Summers','2003-02-18','792-607-8954','steve.summers286@example.com','Manila','Anemia','D51',22,'Female'),('P287','Tony','Frost','2006-01-26','514-488-5871','tony.frost287@example.com','Pasig','Eczema','D149',19,'Female'),('P288','Bobby','Howlett','1943-05-19','948-718-5257','bobby.howlett288@example.com','Manila','Heart Disease','D471',82,'Female'),('P289','Clark','Curry','2023-03-10','335-811-9416','clark.curry289@example.com','Pasig','Migraines','D349',2,'Female'),('P29','Steve','Frost','2006-06-14','766-532-7703','steve.frost29@example.com','Quezon City','Arthritis','D62',19,'Female'),('P290','Natasha','Parker','2004-05-07','174-137-7895','natasha.parker290@example.com','Marikina','Hepatitis','D377',21,'Male'),('P291','Peter','Xavier','1969-06-13','286-644-5486','peter.xavier291@example.com','Manila','Gastritis','D403',56,'Male'),('P292','Peter','Xavier','1963-04-22','432-841-4961','peter.xavier292@example.com','Makati City','Migraines','D154',62,'Male'),('P293','Bruce','Summers','2002-06-13','784-397-4444','bruce.summers293@example.com','Paranaque','Allergies','D161',23,'Male'),('P294','Logan','Maximoff','1965-11-01','580-507-2179','logan.maximoff294@example.com','Manila','Hepatitis','D187',60,'Male'),('P295','Ororo','Allen','1996-04-27','773-335-1885','ororo.allen295@example.com','Mandaluyong','Allergies','D459',29,'Female'),('P296','Scott','Parker','1973-01-28','592-523-4988','scott.parker296@example.com','Las Pinas','Epilepsy','D40',52,'Female'),('P297','Steve','Curry','1958-01-30','954-141-3134','steve.curry297@example.com','Pasig','Anemia','D200',67,'Male'),('P298','Peter','Parker','1934-09-22','469-418-7321','peter.parker298@example.com','Marikina','No known allergies','D324',91,'Male'),('P299','Tony','Drake','1948-07-26','562-975-8582','tony.drake299@example.com','Makati City','Eczema','D25',77,'Female'),('P3','Logan','Drake','1934-03-29','931-223-4544','logan.drake3@example.com','Quezon City','Anemia','D185',91,'Male'),('P30','Bobby','Darkholme','2009-04-10','991-186-6663','bobby.darkholme30@example.com','Quezon City','Sinusitis','D354',16,'Male'),('P300','Wanda','Drake','1944-04-03','864-792-8849','wanda.drake300@example.com','Quezon City','Sinusitis','D272',81,'Male'),('P301','Hank','McCoy','1994-01-04','748-243-9539','hank.mccoy301@example.com','Makati City','Depression','D42',31,'Male'),('P302','Tony','Howlett','1927-03-08','823-632-2183','tony.howlett302@example.com','Mandaluyong','Sinusitis','D440',98,'Male'),('P303','Raven','Allen','1945-09-30','204-688-3643','raven.allen303@example.com','Caloocan','Anxiety','D391',80,'Male'),('P304','Natasha','Xavier','1984-01-09','750-442-3725','natasha.xavier304@example.com','Quezon City','Flu','D127',41,'Male'),('P305','Peter','Summers','1964-01-28','872-399-9368','peter.summers305@example.com','Mandaluyong','No known allergies','D211',61,'Male'),('P306','Charles','Stark','1958-10-31','258-623-7700','charles.stark306@example.com','Makati City','Gastritis','D414',67,'Female'),('P307','Barry','Rogers','1922-11-28','313-605-6088','barry.rogers307@example.com','Mandaluyong','Allergies','D316',103,'Male'),('P308','Steve','Kent','2000-11-18','190-893-2718','steve.kent308@example.com','Quezon City','Gastritis','D493',25,'Male'),('P309','Natasha','Frost','1950-04-25','273-112-4690','natasha.frost309@example.com','Taguig','Migraines','D120',75,'Female'),('P31','Scott','Howlett','2014-07-30','202-920-2149','scott.howlett31@example.com','Las Pinas','Diabetes','D424',11,'Male'),('P310','Steve','Darkholme','1964-11-19','618-904-1624','steve.darkholme310@example.com','Marikina','Heart Disease','D16',61,'Female'),('P311','Jean','Rogers','1934-02-10','489-421-6275','jean.rogers311@example.com','Marikina','Flu','D313',91,'Female'),('P312','Wanda','Summers','1958-09-10','664-352-3539','wanda.summers312@example.com','Mandaluyong','Tuberculosis','D30',67,'Male'),('P313','Jean','Howlett','2017-08-07','851-393-4653','jean.howlett313@example.com','Mandaluyong','Migraines','D153',8,'Male'),('P314','Logan','Munroe','1934-10-16','352-190-6884','logan.munroe314@example.com','Taguig','Sinusitis','D29',91,'Female'),('P315','Ororo','Grey','1951-10-05','191-795-6589','ororo.grey315@example.com','Quezon City','Migraines','D270',74,'Female'),('P316','Raven','Grey','1996-01-18','425-771-9215','raven.grey316@example.com','Quezon City','Depression','D402',29,'Male'),('P317','Jean','Frost','2019-05-29','505-445-1013','jean.frost317@example.com','Mandaluyong','Arthritis','D265',6,'Male'),('P318','Charles','Kent','1943-06-17','262-952-8746','charles.kent318@example.com','Paranaque','Depression','D315',82,'Female'),('P319','Scott','Howlett','1954-09-19','253-239-2857','scott.howlett319@example.com','Mandaluyong','Anemia','D46',71,'Female'),('P32','Wanda','Wagner','1963-08-08','161-325-4740','wanda.wagner32@example.com','Marikina','Migraines','D300',62,'Male'),('P320','Jean','Howlett','2012-06-17','221-575-4056','jean.howlett320@example.com','Taguig','Sinusitis','D450',13,'Male'),('P321','Steve','Xavier','1929-05-16','393-664-6973','steve.xavier321@example.com','Manila','Anxiety','D416',96,'Female'),('P322','Scott','Summers','1993-11-27','967-336-6928','scott.summers322@example.com','Makati City','Hypertension','D391',32,'Female'),('P323','Bruce','Stark','1986-12-23','775-338-8367','bruce.stark323@example.com','Mandaluyong','Hypertension','D460',39,'Female'),('P324','Scott','Prince','1950-11-22','626-357-9651','scott.prince324@example.com','Caloocan','Hypertension','D32',75,'Male'),('P325','Ororo','Grey','2011-05-24','910-999-1906','ororo.grey325@example.com','Makati City','Epilepsy','D28',14,'Female'),('P326','Tony','Grey','2014-02-08','735-620-3730','tony.grey326@example.com','Manila','Anxiety','D15',11,'Male'),('P327','Peter','Curry','2022-02-12','380-793-8488','peter.curry327@example.com','Paranaque','Diabetes','D48',3,'Male'),('P328','Emma','Wayne','1936-01-30','885-560-7123','emma.wayne328@example.com','Caloocan','Gastritis','D139',89,'Female'),('P329','Barry','Xavier','1945-04-26','554-737-8303','barry.xavier329@example.com','Paranaque','Epilepsy','D32',80,'Female'),('P33','Tony','Parker','1957-07-04','405-184-4744','tony.parker33@example.com','Pasig','Bronchitis','D269',68,'Female'),('P330','Kurt','Xavier','1953-04-12','970-978-1507','kurt.xavier330@example.com','Taguig','Flu','D42',72,'Female'),('P331','Barry','Allen','1942-04-27','134-336-1771','barry.allen331@example.com','Taguig','Diabetes','D372',83,'Female'),('P332','Tony','Frost','2009-07-30','708-560-4708','tony.frost332@example.com','Quezon City','Allergies','D244',16,'Male'),('P333','Emma','Drake','1961-09-26','303-766-4236','emma.drake333@example.com','Makati City','Bronchitis','D468',64,'Male'),('P334','Scott','Grey','1996-08-26','198-913-4658','scott.grey334@example.com','Quezon City','Pneumonia','D145',29,'Male'),('P335','Wanda','Munroe','1983-10-19','374-942-4846','wanda.munroe335@example.com','Pasig','Diabetes','D390',42,'Female'),('P336','Emma','Munroe','2012-01-05','923-918-8474','emma.munroe336@example.com','Mandaluyong','Heart Disease','D226',13,'Female'),('P337','Bruce','Drake','2015-05-16','991-925-5290','bruce.drake337@example.com','Makati City','Diabetes','D457',10,'Male'),('P338','Charles','Summers','1963-04-30','386-345-2034','charles.summers338@example.com','Quezon City','Anxiety','D390',62,'Male'),('P339','Natasha','Munroe','1999-02-01','834-207-9463','natasha.munroe339@example.com','Makati City','Epilepsy','D153',26,'Male'),('P34','Raven','Grey','1962-10-03','887-786-9591','raven.grey34@example.com','Caloocan','Sinusitis','D149',63,'Male'),('P340','Charles','Wagner','1943-03-07','270-752-8400','charles.wagner340@example.com','Mandaluyong','Hypertension','D39',82,'Male'),('P341','Raven','Wayne','1937-05-15','677-651-2759','raven.wayne341@example.com','Quezon City','Flu','D399',88,'Male'),('P342','Hank','Munroe','2016-10-22','898-112-6901','hank.munroe342@example.com','Las Pinas','No known allergies','D63',9,'Male'),('P343','Scott','Maximoff','2009-04-24','575-799-5708','scott.maximoff343@example.com','Makati City','Epilepsy','D426',16,'Male'),('P344','Natasha','Curry','2000-05-20','908-514-8840','natasha.curry344@example.com','Pasig','Allergies','D468',25,'Female'),('P345','Ororo','McCoy','1971-08-14','709-214-7045','ororo.mccoy345@example.com','Quezon City','Asthma','D425',54,'Female'),('P346','Kurt','Stark','1927-04-12','185-324-2409','kurt.stark346@example.com','Makati City','Pneumonia','D324',98,'Male'),('P347','Steve','Stark','1926-06-27','315-661-7367','steve.stark347@example.com','Marikina','Heart Disease','D286',99,'Male'),('P348','Clark','Wayne','1946-05-10','435-372-8712','clark.wayne348@example.com','Manila','Heart Disease','D436',79,'Female'),('P349','Emma','Rogers','2022-09-19','338-644-8399','emma.rogers349@example.com','Marikina','Flu','D186',3,'Female'),('P35','Barry','Allen','1926-04-25','363-790-2846','barry.allen35@example.com','Las Pinas','Gastritis','D93',99,'Female'),('P350','Ororo','Darkholme','2014-10-28','316-723-4786','ororo.darkholme350@example.com','Caloocan','Tuberculosis','D407',11,'Male'),('P351','Steve','Drake','1937-11-30','207-990-1766','steve.drake351@example.com','Quezon City','No known allergies','D252',88,'Male'),('P352','Wanda','Rogers','1972-06-03','560-883-5915','wanda.rogers352@example.com','Paranaque','Anxiety','D449',53,'Female'),('P353','Diana','Stark','1970-03-06','473-622-1815','diana.stark353@example.com','Paranaque','Sinusitis','D304',55,'Female'),('P354','Peter','Romanoff','1981-03-18','714-930-7754','peter.romanoff354@example.com','Mandaluyong','Asthma','D33',44,'Male'),('P355','Bruce','Munroe','1988-01-06','120-344-2961','bruce.munroe355@example.com','Pasig','Asthma','D66',37,'Male'),('P356','Logan','Prince','1955-02-12','102-325-3761','logan.prince356@example.com','Taguig','Sinusitis','D479',70,'Female'),('P357','Logan','Xavier','1950-08-27','915-912-7764','logan.xavier357@example.com','Makati City','Flu','D395',75,'Male'),('P358','Peter','Curry','1922-12-24','739-422-9075','peter.curry358@example.com','Taguig','Epilepsy','D8',103,'Male'),('P359','Bobby','Allen','2008-12-25','864-114-5038','bobby.allen359@example.com','Quezon City','Heart Disease','D180',17,'Male'),('P36','Wanda','Stark','1986-12-10','208-645-6998','wanda.stark36@example.com','Marikina','Diabetes','D386',39,'Male'),('P360','Raven','Wayne','1932-01-31','853-686-5642','raven.wayne360@example.com','Marikina','Heart Disease','D444',93,'Female'),('P361','Emma','Rogers','2015-05-24','447-505-2642','emma.rogers361@example.com','Makati City','No known allergies','D358',10,'Male'),('P362','Bruce','Prince','1976-09-11','533-628-2878','bruce.prince362@example.com','Las Pinas','Flu','D429',49,'Female'),('P363','Peter','Curry','2020-03-21','113-506-7857','peter.curry363@example.com','Las Pinas','Heart Disease','D330',5,'Male'),('P364','Peter','Munroe','1982-09-30','549-968-3813','peter.munroe364@example.com','Pasig','Epilepsy','D198',43,'Male'),('P365','Charles','Drake','1995-03-09','831-246-3108','charles.drake365@example.com','Manila','Arthritis','D107',30,'Male'),('P366','Emma','Frost','2002-10-05','653-228-4426','emma.frost366@example.com','Taguig','Migraines','D105',23,'Male'),('P367','Wanda','Wayne','1960-05-08','308-238-6709','wanda.wayne367@example.com','Mandaluyong','Diabetes','D31',65,'Female'),('P368','Arthur','Xavier','2011-12-29','114-825-3671','arthur.xavier368@example.com','Paranaque','Allergies','D361',14,'Male'),('P369','Scott','Curry','2005-01-01','495-864-8643','scott.curry369@example.com','Caloocan','Heart Disease','D100',20,'Male'),('P37','Hank','Xavier','1995-06-01','878-229-1529','hank.xavier37@example.com','Caloocan','Depression','D430',30,'Male'),('P370','Natasha','Drake','1934-07-25','170-378-6099','natasha.drake370@example.com','Marikina','Flu','D385',91,'Female'),('P371','Emma','Munroe','1937-12-11','205-951-1297','emma.munroe371@example.com','Quezon City','Pneumonia','D395',88,'Female'),('P372','Logan','Stark','2005-08-28','661-828-7593','logan.stark372@example.com','Las Pinas','Allergies','D240',20,'Male'),('P373','Bobby','Summers','1991-08-03','238-308-1992','bobby.summers373@example.com','Manila','Anemia','D28',34,'Female'),('P374','Bobby','Stark','1987-05-05','508-731-8429','bobby.stark374@example.com','Paranaque','Migraines','D208',38,'Male'),('P375','Wanda','Stark','2009-06-09','935-903-2389','wanda.stark375@example.com','Paranaque','Hypertension','D281',16,'Female'),('P376','Kurt','Maximoff','2007-12-02','353-534-2720','kurt.maximoff376@example.com','Marikina','Eczema','D496',18,'Female'),('P377','Kurt','Prince','1997-11-01','782-636-7477','kurt.prince377@example.com','Quezon City','Pneumonia','D76',28,'Female'),('P378','Kurt','Kent','2021-01-21','792-560-6853','kurt.kent378@example.com','Makati City','Diabetes','D34',4,'Male'),('P379','Bobby','Wagner','1923-07-03','778-448-7256','bobby.wagner379@example.com','Las Pinas','Anxiety','D265',102,'Female'),('P38','Diana','Xavier','1983-04-25','898-169-2348','diana.xavier38@example.com','Paranaque','Flu','D486',42,'Female'),('P380','Tony','McCoy','1925-08-11','226-704-5348','tony.mccoy380@example.com','Las Pinas','Migraines','D187',100,'Male'),('P381','Bobby','Maximoff','1989-10-22','146-347-2091','bobby.maximoff381@example.com','Paranaque','Anxiety','D275',36,'Female'),('P382','Diana','Prince','1946-09-01','841-808-3682','diana.prince382@example.com','Taguig','No known allergies','D34',79,'Male'),('P383','Bobby','Drake','1930-08-26','258-615-4027','bobby.drake383@example.com','Makati City','Epilepsy','D103',95,'Female'),('P384','Tony','Munroe','2014-07-02','881-538-3536','tony.munroe384@example.com','Makati City','Flu','D461',11,'Male'),('P385','Steve','Curry','2001-04-21','130-756-9696','steve.curry385@example.com','Manila','Diabetes','D155',24,'Male'),('P386','Kurt','Prince','1957-10-24','641-515-6720','kurt.prince386@example.com','Paranaque','Anxiety','D332',68,'Female'),('P387','Emma','Allen','1988-12-27','763-188-9260','emma.allen387@example.com','Makati City','Pneumonia','D108',37,'Female'),('P388','Arthur','Darkholme','2003-05-01','620-534-3444','arthur.darkholme388@example.com','Mandaluyong','Anxiety','D188',22,'Male'),('P389','Diana','Parker','1934-10-21','869-159-5335','diana.parker389@example.com','Manila','No known allergies','D477',91,'Male'),('P39','Jean','Prince','1970-01-17','653-850-6723','jean.prince39@example.com','Quezon City','No known allergies','D242',55,'Male'),('P390','Jean','McCoy','1937-04-15','209-378-7373','jean.mccoy390@example.com','Manila','Gastritis','D91',88,'Male'),('P391','Bobby','Wagner','1942-07-29','418-153-6282','bobby.wagner391@example.com','Las Pinas','Heart Disease','D142',83,'Female'),('P392','Bruce','Grey','1940-11-18','375-175-2582','bruce.grey392@example.com','Marikina','Gastritis','D464',85,'Female'),('P393','Charles','Wayne','2018-11-18','851-137-3361','charles.wayne393@example.com','Paranaque','Gastritis','D467',7,'Male'),('P394','Kurt','Stark','1981-12-13','592-255-7764','kurt.stark394@example.com','Quezon City','Heart Disease','D246',44,'Male'),('P395','Tony','Rogers','1927-04-17','160-214-5139','tony.rogers395@example.com','Manila','Anxiety','D298',98,'Male'),('P396','Wanda','Stark','1970-10-23','342-606-7279','wanda.stark396@example.com','Manila','Hypertension','D220',55,'Male'),('P397','Logan','Wayne','1956-07-15','486-415-9121','logan.wayne397@example.com','Las Pinas','Epilepsy','D223',69,'Male'),('P398','Bobby','Stark','1990-04-10','185-251-2927','bobby.stark398@example.com','Manila','Hepatitis','D192',35,'Male'),('P399','Hank','Darkholme','1959-07-10','540-566-6297','hank.darkholme399@example.com','Taguig','Heart Disease','D4',66,'Male'),('P4','Barry','Frost','1928-12-12','962-141-3367','barry.frost4@example.com','Caloocan','Anxiety','D35',97,'Male'),('P40','Tony','Rogers','1942-05-01','282-760-6365','tony.rogers40@example.com','Taguig','Diabetes','D488',83,'Female'),('P400','Diana','Munroe','1947-08-26','757-147-6945','diana.munroe400@example.com','Paranaque','Eczema','D354',78,'Female'),('P401','Jean','Grey','1948-07-09','208-190-5022','jean.grey401@example.com','Paranaque','Hepatitis','D442',77,'Male'),('P402','Bobby','Howlett','2015-09-07','222-175-3968','bobby.howlett402@example.com','Mandaluyong','Diabetes','D22',10,'Male'),('P403','Bruce','Prince','1997-10-04','626-295-6809','bruce.prince403@example.com','Caloocan','Allergies','D294',28,'Male'),('P404','Bruce','Parker','1990-07-15','357-544-9732','bruce.parker404@example.com','Marikina','Migraines','D234',35,'Male'),('P405','Diana','Kent','1954-02-01','312-421-8278','diana.kent405@example.com','Makati City','Migraines','D247',71,'Male'),('P406','Raven','Prince','2012-01-10','191-591-7258','raven.prince406@example.com','Paranaque','Eczema','D497',13,'Male'),('P407','Arthur','Wagner','1949-09-30','870-383-2705','arthur.wagner407@example.com','Mandaluyong','Anemia','D38',76,'Male'),('P408','Jean','Kent','1938-02-09','335-274-1692','jean.kent408@example.com','Mandaluyong','Tuberculosis','D144',87,'Male'),('P409','Kurt','Prince','1953-08-15','954-567-6530','kurt.prince409@example.com','Caloocan','Hypertension','D247',72,'Male'),('P41','Barry','Frost','1949-02-05','415-816-9845','barry.frost41@example.com','Pasig','Pneumonia','D470',76,'Male'),('P410','Bruce','Grey','1925-04-15','800-496-6295','bruce.grey410@example.com','Taguig','Diabetes','D129',100,'Male'),('P411','Arthur','Munroe','1982-02-25','432-457-8713','arthur.munroe411@example.com','Caloocan','Migraines','D330',43,'Male'),('P412','Wanda','Darkholme','1925-03-20','986-597-3401','wanda.darkholme412@example.com','Quezon City','Arthritis','D97',100,'Male'),('P413','Kurt','Drake','1984-07-07','918-763-8987','kurt.drake413@example.com','Makati City','Tuberculosis','D1',41,'Female'),('P414','Ororo','Grey','1922-09-07','827-171-7459','ororo.grey414@example.com','Makati City','Diabetes','D365',103,'Female'),('P415','Logan','Howlett','2000-12-01','459-987-1257','logan.howlett415@example.com','Quezon City','Anxiety','D119',25,'Male'),('P416','Emma','Summers','2018-09-15','125-457-9766','emma.summers416@example.com','Makati City','Tuberculosis','D33',7,'Male'),('P417','Scott','Summers','2004-01-11','764-230-5930','scott.summers417@example.com','Makati City','Tuberculosis','D314',21,'Female'),('P418','Tony','Xavier','1921-10-22','467-746-5715','tony.xavier418@example.com','Makati City','Allergies','D46',104,'Male'),('P419','Bobby','Rogers','1935-04-01','491-476-9219','bobby.rogers419@example.com','Las Pinas','Allergies','D274',90,'Male'),('P42','Tony','Grey','2002-10-18','657-616-4814','tony.grey42@example.com','Las Pinas','No known allergies','D63',23,'Male'),('P420','Wanda','Wagner','1996-05-08','205-400-5025','wanda.wagner420@example.com','Marikina','Arthritis','D102',29,'Male'),('P421','Hank','Kent','1979-07-19','786-912-2231','hank.kent421@example.com','Quezon City','Anxiety','D498',46,'Female'),('P422','Hank','Prince','1933-05-22','375-894-8492','hank.prince422@example.com','Las Pinas','Anxiety','D95',92,'Female'),('P423','Raven','Darkholme','1980-04-10','144-310-6822','raven.darkholme423@example.com','Taguig','Arthritis','D433',45,'Male'),('P424','Steve','Curry','2013-04-18','503-569-2686','steve.curry424@example.com','Mandaluyong','Pneumonia','D211',12,'Male'),('P425','Diana','Grey','1993-02-03','191-517-2540','diana.grey425@example.com','Quezon City','Diabetes','D193',32,'Male'),('P426','Bobby','Kent','1923-09-11','580-377-8493','bobby.kent426@example.com','Mandaluyong','Epilepsy','D221',102,'Male'),('P427','Clark','Wagner','1993-06-15','478-965-4412','clark.wagner427@example.com','Las Pinas','Sinusitis','D260',32,'Male'),('P428','Raven','Munroe','2020-07-20','983-115-7158','raven.munroe428@example.com','Quezon City','Flu','D151',5,'Male'),('P429','Ororo','Summers','2002-02-14','327-517-7188','ororo.summers429@example.com','Quezon City','Flu','D61',23,'Female'),('P43','Emma','Wagner','1955-12-09','676-520-7948','emma.wagner43@example.com','Makati City','Flu','D167',70,'Female'),('P430','Tony','Xavier','1963-11-04','537-173-5019','tony.xavier430@example.com','Caloocan','No known allergies','D295',62,'Female'),('P431','Peter','Darkholme','1993-06-05','432-747-1573','peter.darkholme431@example.com','Pasig','Allergies','D135',32,'Female'),('P432','Charles','Drake','1982-03-20','226-113-1175','charles.drake432@example.com','Makati City','Flu','D105',43,'Male'),('P433','Kurt','Prince','1951-12-17','183-838-5109','kurt.prince433@example.com','Caloocan','Sinusitis','D374',74,'Male'),('P434','Barry','McCoy','1932-09-01','204-110-1847','barry.mccoy434@example.com','Manila','Flu','D70',93,'Male'),('P435','Raven','Curry','1942-11-04','737-511-5217','raven.curry435@example.com','Paranaque','Diabetes','D279',83,'Male'),('P436','Charles','Rogers','1967-09-14','444-291-2598','charles.rogers436@example.com','Caloocan','Bronchitis','D233',58,'Female'),('P437','Diana','Xavier','2005-12-08','654-478-9249','diana.xavier437@example.com','Mandaluyong','No known allergies','D114',20,'Female'),('P438','Raven','Howlett','2010-10-02','312-987-6894','raven.howlett438@example.com','Caloocan','Asthma','D381',15,'Female'),('P439','Hank','Kent','1995-12-09','433-488-6923','hank.kent439@example.com','Paranaque','Eczema','D225',30,'Male'),('P44','Clark','Maximoff','2016-09-08','718-509-1444','clark.maximoff44@example.com','Pasig','Heart Disease','D216',9,'Male'),('P440','Steve','Howlett','1990-02-10','831-267-9520','steve.howlett440@example.com','Taguig','Tuberculosis','D103',35,'Male'),('P441','Steve','Xavier','1995-01-26','624-349-6433','steve.xavier441@example.com','Pasig','Sinusitis','D215',30,'Female'),('P442','Tony','Howlett','1944-05-29','480-335-5175','tony.howlett442@example.com','Paranaque','Asthma','D31',81,'Female'),('P443','Natasha','Frost','1954-05-05','468-337-1620','natasha.frost443@example.com','Paranaque','Diabetes','D292',71,'Female'),('P444','Bruce','Wagner','1929-05-02','544-298-8868','bruce.wagner444@example.com','Las Pinas','Tuberculosis','D352',96,'Male'),('P445','Wanda','Darkholme','1984-07-10','245-142-1738','wanda.darkholme445@example.com','Las Pinas','Eczema','D393',41,'Female'),('P446','Ororo','Wagner','1992-04-22','946-891-7742','ororo.wagner446@example.com','Paranaque','No known allergies','D44',33,'Female'),('P447','Ororo','Romanoff','1988-02-11','101-567-1164','ororo.romanoff447@example.com','Marikina','Bronchitis','D306',37,'Female'),('P448','Clark','Drake','1990-02-17','265-834-8017','clark.drake448@example.com','Manila','Flu','D102',35,'Male'),('P449','Charles','Curry','2010-08-24','233-483-1356','charles.curry449@example.com','Paranaque','Bronchitis','D215',15,'Male'),('P45','Hank','Drake','1970-03-27','846-290-6861','hank.drake45@example.com','Manila','No known allergies','D128',55,'Female'),('P450','Natasha','Wagner','2002-03-23','988-581-3624','natasha.wagner450@example.com','Marikina','Anemia','D271',23,'Male'),('P451','Ororo','Wagner','1929-04-09','252-416-9007','ororo.wagner451@example.com','Paranaque','Migraines','D299',96,'Male'),('P452','Natasha','Summers','2017-11-17','994-138-2798','natasha.summers452@example.com','Marikina','Bronchitis','D453',8,'Female'),('P453','Arthur','Romanoff','1979-06-30','255-913-3736','arthur.romanoff453@example.com','Mandaluyong','Anxiety','D445',46,'Female'),('P454','Steve','Kent','1955-04-04','560-838-3254','steve.kent454@example.com','Makati City','Bronchitis','D452',70,'Female'),('P455','Clark','Frost','2018-01-06','387-408-2423','clark.frost455@example.com','Caloocan','Allergies','D8',7,'Male'),('P456','Bobby','Prince','2018-10-17','268-479-7908','bobby.prince456@example.com','Paranaque','Gastritis','D255',7,'Female'),('P457','Emma','Romanoff','1941-08-28','957-183-7912','emma.romanoff457@example.com','Caloocan','Allergies','D487',84,'Female'),('P458','Ororo','Munroe','1931-11-20','285-477-8605','ororo.munroe458@example.com','Paranaque','Epilepsy','D389',94,'Female'),('P459','Steve','Summers','1975-07-27','579-869-8031','steve.summers459@example.com','Las Pinas','Heart Disease','D350',50,'Female'),('P46','Diana','Curry','1974-05-10','442-238-4856','diana.curry46@example.com','Caloocan','Pneumonia','D455',51,'Male'),('P460','Tony','Allen','1965-01-09','740-152-8482','tony.allen460@example.com','Marikina','Depression','D5',60,'Male'),('P461','Bobby','Curry','1928-03-16','181-792-5836','bobby.curry461@example.com','Paranaque','Hypertension','D495',97,'Female'),('P462','Barry','Rogers','1969-12-22','860-464-1502','barry.rogers462@example.com','Paranaque','Arthritis','D391',56,'Male'),('P463','Steve','Curry','1998-09-25','838-391-1343','steve.curry463@example.com','Marikina','Flu','D432',27,'Male'),('P464','Barry','Parker','1981-08-28','239-286-8496','barry.parker464@example.com','Las Pinas','Depression','D136',44,'Female'),('P465','Raven','Stark','1998-01-19','742-543-8056','raven.stark465@example.com','Makati City','Anemia','D66',27,'Male'),('P466','Peter','Summers','1985-11-20','181-412-9346','peter.summers466@example.com','Caloocan','Bronchitis','D98',40,'Female'),('P467','Jean','Xavier','1945-12-04','527-647-7186','jean.xavier467@example.com','Makati City','Flu','D73',80,'Female'),('P468','Hank','Xavier','2013-09-03','284-577-8890','hank.xavier468@example.com','Paranaque','Anemia','D473',12,'Male'),('P469','Clark','Howlett','2014-12-09','884-406-5794','clark.howlett469@example.com','Las Pinas','Arthritis','D4',11,'Female'),('P47','Hank','Grey','1986-05-27','678-772-8835','hank.grey47@example.com','Paranaque','No known allergies','D194',39,'Female'),('P470','Raven','Stark','1937-11-22','913-781-6618','raven.stark470@example.com','Manila','Sinusitis','D287',88,'Female'),('P471','Wanda','Munroe','2020-01-23','994-179-2504','wanda.munroe471@example.com','Manila','Sinusitis','D453',5,'Female'),('P472','Bobby','Rogers','1967-07-11','490-861-8723','bobby.rogers472@example.com','Las Pinas','Migraines','D500',58,'Male'),('P473','Ororo','Allen','1988-03-31','646-862-3045','ororo.allen473@example.com','Paranaque','No known allergies','D222',37,'Female'),('P474','Natasha','Allen','2014-09-20','988-681-8567','natasha.allen474@example.com','Manila','Tuberculosis','D457',11,'Male'),('P475','Jean','Darkholme','1986-02-12','798-378-5740','jean.darkholme475@example.com','Marikina','Bronchitis','D172',39,'Male'),('P476','Hank','McCoy','1954-02-24','516-480-1345','hank.mccoy476@example.com','Makati City','Pneumonia','D395',71,'Male'),('P477','Natasha','Howlett','1923-10-24','331-820-3353','natasha.howlett477@example.com','Taguig','Heart Disease','D41',102,'Male'),('P478','Peter','Kent','1942-09-08','984-382-8860','peter.kent478@example.com','Mandaluyong','Epilepsy','D4',83,'Male'),('P479','Bobby','Drake','1962-10-11','856-413-9482','bobby.drake479@example.com','Quezon City','Sinusitis','D350',63,'Male'),('P48','Charles','Romanoff','1974-05-21','795-782-7465','charles.romanoff48@example.com','Caloocan','Allergies','D452',51,'Male'),('P480','Emma','Wagner','1921-10-13','791-948-7987','emma.wagner480@example.com','Pasig','Bronchitis','D300',104,'Female'),('P481','Peter','Curry','1940-02-09','525-368-3896','peter.curry481@example.com','Makati City','No known allergies','D428',85,'Male'),('P482','Clark','McCoy','2009-03-28','201-380-5490','clark.mccoy482@example.com','Manila','Asthma','D432',16,'Male'),('P483','Peter','Drake','1961-05-30','441-239-7820','peter.drake483@example.com','Taguig','Arthritis','D208',64,'Female'),('P484','Bruce','Stark','1934-01-30','539-260-5959','bruce.stark484@example.com','Caloocan','Gastritis','D281',91,'Male'),('P485','Emma','Wayne','1926-04-09','870-105-5488','emma.wayne485@example.com','Las Pinas','Asthma','D171',99,'Male'),('P486','Charles','Wayne','2009-01-12','298-771-5300','charles.wayne486@example.com','Makati City','Bronchitis','D192',16,'Male'),('P487','Tony','Xavier','1942-10-09','658-975-4661','tony.xavier487@example.com','Las Pinas','Asthma','D292',83,'Male'),('P488','Kurt','Xavier','1988-12-19','662-677-8581','kurt.xavier488@example.com','Makati City','No known allergies','D169',37,'Female'),('P489','Peter','Darkholme','1984-01-21','820-396-4147','peter.darkholme489@example.com','Quezon City','Asthma','D231',41,'Male'),('P49','Hank','Maximoff','1928-03-09','638-208-8021','hank.maximoff49@example.com','Taguig','Bronchitis','D478',97,'Female'),('P490','Clark','Darkholme','1948-01-08','382-993-8925','clark.darkholme490@example.com','Taguig','Anxiety','D280',77,'Male'),('P491','Hank','Drake','2007-04-11','662-327-3490','hank.drake491@example.com','Mandaluyong','Migraines','D490',18,'Female'),('P492','Clark','Drake','1978-08-15','685-391-9076','clark.drake492@example.com','Marikina','Anxiety','D277',47,'Male'),('P493','Logan','Rogers','1948-07-30','617-670-4118','logan.rogers493@example.com','Paranaque','Sinusitis','D349',77,'Male'),('P494','Barry','Allen','1941-04-10','818-227-5816','barry.allen494@example.com','Mandaluyong','Anemia','D147',84,'Female'),('P495','Charles','Romanoff','2011-01-13','790-815-5743','charles.romanoff495@example.com','Quezon City','Heart Disease','D158',14,'Male'),('P496','Barry','Wayne','1984-10-17','641-777-1453','barry.wayne496@example.com','Taguig','Hypertension','D263',41,'Female'),('P497','Emma','Parker','1966-01-07','634-180-2808','emma.parker497@example.com','Paranaque','Anemia','D6',59,'Female'),('P498','Diana','Xavier','1968-05-31','866-106-9024','diana.xavier498@example.com','Marikina','Diabetes','D128',57,'Male'),('P499','Peter','Rogers','2016-06-12','698-380-6128','peter.rogers499@example.com','Paranaque','Allergies','D8',9,'Male'),('P5','Scott','Parker','1953-04-18','792-221-1083','scott.parker5@example.com','Caloocan','Allergies','D449',72,'Male'),('P50','Tony','Kent','1959-11-07','264-259-5864','tony.kent50@example.com','Pasig','Anemia','D262',66,'Male'),('P500','Bobby','Wayne','1929-07-24','979-883-7476','bobby.wayne500@example.com','Caloocan','Migraines','D115',96,'Female'),('P51','Jean','Darkholme','2012-05-16','934-213-6102','jean.darkholme51@example.com','Paranaque','Pneumonia','D344',13,'Female'),('P52','Bobby','Romanoff','2003-07-21','146-916-4374','bobby.romanoff52@example.com','Las Pinas','Allergies','D349',22,'Female'),('P53','Clark','Allen','1970-09-30','444-692-4259','clark.allen53@example.com','Makati City','Pneumonia','D69',55,'Male'),('P54','Wanda','Curry','1944-03-12','781-731-2872','wanda.curry54@example.com','Pasig','Pneumonia','D456',81,'Female'),('P55','Wanda','Howlett','2016-04-20','180-909-4045','wanda.howlett55@example.com','Pasig','Pneumonia','D400',9,'Male'),('P56','Emma','Parker','1928-06-25','249-879-4178','emma.parker56@example.com','Caloocan','Tuberculosis','D262',97,'Male'),('P57','Ororo','Summers','1993-12-13','866-572-6854','ororo.summers57@example.com','Paranaque','Anxiety','D381',32,'Female'),('P58','Diana','Rogers','1968-04-27','506-892-9235','diana.rogers58@example.com','Paranaque','Allergies','D314',57,'Female'),('P59','Tony','Darkholme','1955-01-04','559-736-3709','tony.darkholme59@example.com','Quezon City','Arthritis','D173',70,'Male'),('P6','Kurt','Kent','2013-11-05','302-692-8363','kurt.kent6@example.com','Pasig','No known allergies','D190',12,'Male'),('P60','Kurt','Howlett','1950-09-03','513-954-9948','kurt.howlett60@example.com','Pasig','Flu','D470',75,'Female'),('P61','Bruce','Rogers','2011-09-13','964-359-2296','bruce.rogers61@example.com','Pasig','Asthma','D68',14,'Female'),('P62','Barry','Romanoff','1986-05-12','411-885-7836','barry.romanoff62@example.com','Pasig','Pneumonia','D346',39,'Male'),('P63','Raven','McCoy','1984-06-02','126-157-8334','raven.mccoy63@example.com','Mandaluyong','Gastritis','D119',41,'Male'),('P64','Natasha','Frost','1931-09-10','521-512-3181','natasha.frost64@example.com','Paranaque','Flu','D111',94,'Female'),('P65','Bobby','Wayne','1942-04-07','828-438-9842','bobby.wayne65@example.com','Caloocan','Bronchitis','D356',83,'Male'),('P66','Diana','Grey','1926-06-23','512-981-7401','diana.grey66@example.com','Makati City','Migraines','D85',99,'Male'),('P67','Kurt','Prince','1929-03-20','990-734-4361','kurt.prince67@example.com','Pasig','Bronchitis','D133',96,'Male'),('P68','Hank','Prince','1959-12-03','147-302-4813','hank.prince68@example.com','Pasig','Sinusitis','D442',66,'Male'),('P69','Kurt','Stark','1981-07-10','207-151-7402','kurt.stark69@example.com','Makati City','Tuberculosis','D211',44,'Female'),('P7','Steve','Parker','1961-03-09','584-318-5585','steve.parker7@example.com','Pasig','Flu','D388',64,'Male'),('P70','Ororo','Wagner','2011-01-31','322-169-1883','ororo.wagner70@example.com','Marikina','Tuberculosis','D200',14,'Male'),('P71','Emma','McCoy','2008-07-05','699-444-8712','emma.mccoy71@example.com','Caloocan','Hepatitis','D432',17,'Male'),('P72','Ororo','Grey','1970-05-16','353-429-1508','ororo.grey72@example.com','Marikina','Asthma','D234',55,'Female'),('P73','Scott','Darkholme','1961-06-02','989-242-4495','scott.darkholme73@example.com','Mandaluyong','Hypertension','D421',64,'Female'),('P74','Barry','Romanoff','1924-08-07','944-869-1136','barry.romanoff74@example.com','Taguig','Anxiety','D5',101,'Female'),('P75','Bobby','Rogers','1936-04-21','872-872-8378','bobby.rogers75@example.com','Mandaluyong','Eczema','D75',89,'Male'),('P76','Wanda','Maximoff','1954-03-22','360-134-8772','wanda.maximoff76@example.com','Makati City','Anemia','D428',71,'Male'),('P77','Jean','Rogers','1989-06-28','961-685-9354','jean.rogers77@example.com','Quezon City','Arthritis','D218',36,'Male'),('P78','Bobby','Allen','2003-04-27','426-335-5081','bobby.allen78@example.com','Taguig','Depression','D50',22,'Male'),('P79','Steve','Prince','2015-05-29','974-773-1949','steve.prince79@example.com','Marikina','No known allergies','D410',10,'Male'),('P8','Wanda','Darkholme','2023-08-29','492-978-3613','wanda.darkholme8@example.com','Taguig','Sinusitis','D248',2,'Male'),('P80','Natasha','Allen','1981-12-16','991-375-9372','natasha.allen80@example.com','Marikina','Sinusitis','D97',44,'Male'),('P81','Bruce','Summers','2001-10-14','723-544-6671','bruce.summers81@example.com','Taguig','Diabetes','D364',24,'Male'),('P82','Steve','Drake','1986-04-08','305-409-3845','steve.drake82@example.com','Quezon City','Allergies','D424',39,'Female'),('P83','Diana','Rogers','1931-09-24','929-597-9787','diana.rogers83@example.com','Las Pinas','Pneumonia','D4',94,'Male'),('P84','Scott','Wagner','1984-10-02','291-380-3830','scott.wagner84@example.com','Taguig','Eczema','D64',41,'Female'),('P85','Emma','Stark','1927-12-05','282-512-8308','emma.stark85@example.com','Caloocan','Anxiety','D495',98,'Male'),('P86','Jean','Xavier','1982-11-23','917-901-4875','jean.xavier86@example.com','Pasig','Migraines','D161',43,'Female'),('P87','Steve','Maximoff','1989-12-15','371-206-1464','steve.maximoff87@example.com','Taguig','Anemia','D261',36,'Male'),('P88','Tony','Munroe','1940-01-25','886-451-1322','tony.munroe88@example.com','Manila','Pneumonia','D104',85,'Male'),('P89','Emma','McCoy','1980-06-05','699-757-5706','emma.mccoy89@example.com','Manila','Bronchitis','D457',45,'Male'),('P9','Barry','Grey','1936-09-12','969-603-8260','barry.grey9@example.com','Mandaluyong','Tuberculosis','D20',89,'Male'),('P90','Arthur','Drake','2014-07-27','947-796-7925','arthur.drake90@example.com','Manila','Depression','D256',11,'Male'),('P91','Hank','Summers','1988-08-08','119-511-2529','hank.summers91@example.com','Quezon City','Flu','D17',37,'Male'),('P92','Arthur','Kent','2004-02-11','485-164-5220','arthur.kent92@example.com','Pasig','Gastritis','D217',21,'Male'),('P93','Kurt','Allen','2012-05-14','764-116-1212','kurt.allen93@example.com','Paranaque','Pneumonia','D383',13,'Male'),('P94','Emma','Rogers','1929-12-08','331-888-9782','emma.rogers94@example.com','Quezon City','Heart Disease','D108',96,'Male'),('P95','Bruce','Frost','2023-06-24','145-512-1187','bruce.frost95@example.com','Las Pinas','Anxiety','D10',2,'Female'),('P96','Barry','Wayne','1978-06-03','332-648-5301','barry.wayne96@example.com','Makati City','Anemia','D328',47,'Female'),('P97','Logan','McCoy','1994-07-29','138-930-7735','logan.mccoy97@example.com','Caloocan','Heart Disease','D140',31,'Female'),('P98','Steve','Maximoff','1955-01-15','885-154-5532','steve.maximoff98@example.com','Las Pinas','Anemia','D370',70,'Male'),('P99','Bobby','Parker','1982-09-13','785-752-2075','bobby.parker99@example.com','Paranaque','Diabetes','D131',43,'Male');
/*!40000 ALTER TABLE `patients` ENABLE KEYS */;
UNLOCK TABLES;

--
-- Temporary view structure for view `revenue_report`
--

DROP TABLE IF EXISTS `revenue_report`;
/*!50001 DROP VIEW IF EXISTS `revenue_report`*/;
SET @saved_cs_client     = @@character_set_client;
/*!50503 SET character_set_client = utf8mb4 */;
/*!50001 CREATE VIEW `revenue_report` AS SELECT 
 1 AS `year`,
 1 AS `month`,
 1 AS `total_revenue`,
 1 AS `total_paid`,
 1 AS `total_outstanding`,
 1 AS `payment_method`,
 1 AS `payment_count`*/;
SET character_set_client = @saved_cs_client;

--
-- Dumping routines for database 'medical_hospital_system'
--

--
-- Final view structure for view `revenue_report`
--

/*!50001 DROP VIEW IF EXISTS `revenue_report`*/;
/*!50001 SET @saved_cs_client          = @@character_set_client */;
/*!50001 SET @saved_cs_results         = @@character_set_results */;
/*!50001 SET @saved_col_connection     = @@collation_connection */;
/*!50001 SET character_set_client      = utf8mb4 */;
/*!50001 SET character_set_results     = utf8mb4 */;
/*!50001 SET collation_connection      = utf8mb4_general_ci */;
/*!50001 CREATE ALGORITHM=UNDEFINED */
/*!50013 DEFINER=`root`@`localhost` SQL SECURITY DEFINER */
/*!50001 VIEW `revenue_report` AS select year(`b`.`billing_date`) AS `year`,month(`b`.`billing_date`) AS `month`,sum(`b`.`consultation_fee`) AS `total_revenue`,sum(`b`.`amount_paid`) AS `total_paid`,sum(`b`.`outstanding_balance`) AS `total_outstanding`,`b`.`payment_method` AS `payment_method`,count(`b`.`payment_method`) AS `payment_count` from `billing` `b` group by year(`b`.`billing_date`),month(`b`.`billing_date`),`b`.`payment_method` */;
/*!50001 SET character_set_client      = @saved_cs_client */;
/*!50001 SET character_set_results     = @saved_cs_results */;
/*!50001 SET collation_connection      = @saved_col_connection */;
/*!40103 SET TIME_ZONE=@OLD_TIME_ZONE */;

/*!40101 SET SQL_MODE=@OLD_SQL_MODE */;
/*!40014 SET FOREIGN_KEY_CHECKS=@OLD_FOREIGN_KEY_CHECKS */;
/*!40014 SET UNIQUE_CHECKS=@OLD_UNIQUE_CHECKS */;
/*!40101 SET CHARACTER_SET_CLIENT=@OLD_CHARACTER_SET_CLIENT */;
/*!40101 SET CHARACTER_SET_RESULTS=@OLD_CHARACTER_SET_RESULTS */;
/*!40101 SET COLLATION_CONNECTION=@OLD_COLLATION_CONNECTION */;
/*!40111 SET SQL_NOTES=@OLD_SQL_NOTES */;

-- Dump completed on 2025-04-03 10:50:39
